fecha,juego,hora,codigo
2026-09-23,1,08:00,16
2026-09-23,1,09:00,3
2026-09-23,1,10:00,36
2026-09-23,1,11:00,28
2026-09-23,1,12:00,34
2026-09-23,1,13:00,2
2026-09-23,1,14:00,29
2026-09-23,1,15:00,4
2026-09-23,1,16:00,17
2026-09-23,1,17:00,5
2026-09-23,1,18:00,4
2026-09-23,1,19:00,27
2026-09-23,2,08:30,17
2026-09-23,2,09:30,33
2026-09-23,2,10:30,14
2026-09-23,2,11:30,31
2026-09-23,2,12:30,30
2026-09-23,2,13:30,10
2026-09-23,2,14:30,28
2026-09-23,2,15:30,23
2026-09-23,2,16:30,13
2026-09-23,2,17:30,0
2026-09-23,2,18:30,22
2026-09-23,2,19:30,6
2026-09-24,1,08:00,28
2026-09-24,1,09:00,18
2026-09-24,1,10:00,13
2026-09-24,1,11:00,7
2026-09-24,1,12:00,10
2026-09-24,1,13:00,12
2026-09-24,1,14:00,5
2026-09-24,1,15:00,1
2026-09-24,1,16:00,20
2026-09-24,1,17:00,36
2026-09-24,1,18:00,18
2026-09-24,1,19:00,25
2026-09-24,2,08:30,21
2026-09-24,2,09:30,7
2026-09-24,2,10:30,36
2026-09-24,2,11:30,34
2026-09-24,2,12:30,24
2026-09-24,2,13:30,16
2026-09-24,2,14:30,32
2026-09-24,2,15:30,30
2026-09-24,2,16:30,17
2026-09-24,2,17:30,27
2026-09-24,2,18:30,11
2026-09-24,2,19:30,26
2026-09-25,1,08:00,17
2026-09-25,1,09:00,10
2026-09-25,1,10:00,0
2026-09-25,1,11:00,19
2026-09-25,1,12:00,11
2026-09-25,1,13:00,6
2026-09-25,1,14:00,31
2026-09-25,1,15:00,30
2026-09-25,1,16:00,5
2026-09-25,1,17:00,25
2026-09-25,1,18:00,33
2026-09-25,1,19:00,6
2026-09-25,2,08:30,28
2026-09-25,2,09:30,5
2026-09-25,2,10:30,12
2026-09-25,2,11:30,36
2026-09-25,2,12:30,19
2026-09-25,2,13:30,00
2026-09-25,2,14:30,23
2026-09-25,2,15:30,15
2026-09-25,2,16:30,14
2026-09-25,2,17:30,3
2026-09-25,2,18:30,27
2026-09-25,2,19:30,15
2026-09-26,1,08:00,7
2026-09-26,1,09:00,13
2026-09-26,1,10:00,24
2026-09-26,1,11:00,26
2026-09-26,1,12:00,4
2026-09-26,1,13:00,34
2026-09-26,1,14:00,33
2026-09-26,1,15:00,3
2026-09-26,1,16:00,11
2026-09-26,1,17:00,28
2026-09-26,1,18:00,5
2026-09-26,1,19:00,36
2026-09-26,2,08:30,0
2026-09-26,2,09:30,32
2026-09-26,2,10:30,18
2026-09-26,2,11:30,3
2026-09-26,2,12:30,36
2026-09-26,2,13:30,24
2026-09-26,2,14:30,27
2026-09-26,2,15:30,29
2026-09-26,2,16:30,10
2026-09-26,2,17:30,00
2026-09-26,2,18:30,33
2026-09-26,2,19:30,10
2026-09-27,1,08:00,25
2026-09-27,1,09:00,29
2026-09-27,1,10:00,23
2026-09-27,1,11:00,33
2026-09-27,1,12:00,12
2026-09-27,1,13:00,11
2026-09-27,1,14:00,31
2026-09-27,1,15:00,0
2026-09-27,1,16:00,6
2026-09-27,1,17:00,14
2026-09-27,1,18:00,36
2026-09-27,1,19:00,22
2026-09-27,2,08:30,11
2026-09-27,2,09:30,13
2026-09-27,2,10:30,32
2026-09-27,2,11:30,26
2026-09-27,2,12:30,22
2026-09-27,2,13:30,9
2026-09-27,2,14:30,3
2026-09-27,2,15:30,23
2026-09-27,2,16:30,29
2026-09-27,2,17:30,00
2026-09-27,2,18:30,19
2026-09-27,2,19:30,14
2026-09-28,1,08:00,23
2026-09-28,1,09:00,5
2026-09-28,1,10:00,16
2026-09-28,1,11:00,2
2026-09-28,1,12:00,30
2026-09-28,1,13:00,19
2026-09-28,1,14:00,27
2026-09-28,1,15:00,21
2026-09-28,1,16:00,12
2026-09-28,1,17:00,26
2026-09-28,1,18:00,24
2026-09-28,1,19:00,31
2026-09-28,2,08:30,34
2026-09-28,2,09:30,16
2026-09-28,2,10:30,6
2026-09-28,2,11:30,23
2026-09-28,2,12:30,17
2026-09-28,2,13:30,7
2026-09-28,2,14:30,27
2026-09-28,2,15:30,12
2026-09-28,2,16:30,20
2026-09-28,2,17:30,25
2026-09-28,2,18:30,14
2026-09-28,2,19:30,10
2026-09-29,1,08:00,7
2026-09-29,1,09:00,11
2026-09-29,1,10:00,35
2026-09-29,1,11:00,25
2026-09-29,1,12:00,36
2026-09-29,1,13:00,16
2026-09-29,1,14:00,13
2026-09-29,1,15:00,10
2026-09-29,1,16:00,31
2026-09-29,1,17:00,26
2026-09-29,1,18:00,10
2026-09-29,1,19:00,22
2026-09-29,2,08:30,19
2026-09-29,2,09:30,21
2026-09-29,2,10:30,33
2026-09-29,2,11:30,31
2026-09-29,2,12:30,35
2026-09-29,2,13:30,13
2026-09-29,2,14:30,2
2026-09-29,2,15:30,34
2026-09-29,2,16:30,3
2026-09-29,2,17:30,16
2026-09-29,2,18:30,11
2026-09-29,2,19:30,6
