rasgo	fam	nA	OA	EA	OE_A	zA	pA	OE_E	zE	OE_ANT	zANT	BH
RD1:igual	d	2519	29	67.4	0.430	-4.75	2e-06	0.211	-4.62	0.358	-7.70	1
L1:columna	a	2519	610	703.5	0.867	-4.21	2.6e-05	0.911	-2.00	0.928	-3.20	1
L2:mitad	a	2290	1067	978.5	1.090	+3.84	0.00012	1.005	+0.16	1.064	+3.82	1
par_evita	e	2519	959	1046.9	0.916	-3.81	0.00014	0.879	-3.88	0.925	-4.51	1
z:dia	z	2519	38	69.1	0.550	-3.80	0.00014	0.785	-1.28	0.634	-4.41	1
trans_cero	e	2519	122	165.9	0.735	-3.58	0.00034	0.793	-2.16	0.969	-0.76	1
L1:sumadig	a	2519	123	167.4	0.735	-3.58	0.00035	0.797	-1.94	0.893	-2.03	1
par_h4-h10:pm1	g	229	23	11.5	2.008	+3.51	0.00044	1.175	+0.44	0.899	-0.51	1
L2:decena	a	2290	566	498.7	1.135	+3.44	0.00057	1.021	+0.39	1.103	+3.71	1
z:hora12	z	2519	38	65.3	0.582	-3.43	0.0006	0.769	-1.37	0.834	-1.98	1
L1:espejo	a	2519	6	21.6	0.277	-3.41	0.00064	0.964	-0.12	0.634	-2.42	1
trans_baja	e	2519	202	251.3	0.804	-3.33	0.00088	0.807	-2.31	0.987	-0.31	1
par_h0-h5:pm1	g	229	22	11.3	1.951	+3.29	0.001	0.850	-0.37	1.128	+0.43	1
ayer_h4-hoy_h1:igual	g	225	17	8.3	2.055	+3.10	0.002	0.776	-0.45	1.025	+0.09	1
z:dia+1	z	2519	44	68.8	0.640	-3.04	0.0024	0.821	-1.06	0.665	-4.06	1
par_h7-h9:pm1	g	229	22	12.2	1.797	+2.88	0.004	0.631	-0.96	0.906	-0.48	0
L1:ultdig	a	2519	145	181.9	0.797	-2.85	0.0043	0.830	-1.71	0.887	-2.24	0
AYER_MISMA:pano_h	c	2700	64	90.1	0.711	-2.81	0.0049	0.859	-0.97	1.060	+0.82	0
ayer_h7-hoy_h3:igual	g	225	14	6.8	2.051	+2.79	0.0052	0.905	-0.18	1.012	+0.04	0
ayer_h11-hoy_h11:igual	g	225	12	5.7	2.110	+2.68	0.0073	0.680	-0.56	0.599	-1.39	0
par_h1-h11:igual	g	229	10	4.4	2.257	+2.67	0.0075	0.895	-0.16	1.018	+0.06	0
par_h4-h6:pm1	g	229	21	12.0	1.747	+2.67	0.0076	1.895	+2.32	1.067	+0.34	0
L12:suma	a	2163	37	56.5	0.655	-2.64	0.0084	0.933	-0.37	0.958	-0.45	0
L1:rueda1	b	2519	107	136.1	0.786	-2.57	0.01	0.769	-1.98	0.806	-3.27	0
L2:menos1	a	2290	77	58.0	1.327	+2.53	0.011	1.109	+0.61	1.237	+2.57	0
par_h3-h9:igual	g	229	5	1.7	2.882	+2.49	0.013	1.693	+0.76	1.374	+0.85	0
ayer_h10-hoy_h6:igual	g	225	12	6.1	1.970	+2.43	0.015	1.390	+0.67	1.468	+1.66	0
RD1:paridad	d	2519	1125	1066.3	1.055	+2.42	0.015	1.013	+0.41	1.013	+0.82	0
AYER_MISMA:mas1	c	2700	48	67.5	0.711	-2.41	0.016	1.080	+0.47	0.887	-1.34	0
ayer_h3-hoy_h0:igual	g	225	8	3.5	2.264	+2.40	0.016	1.005	+0.01	0.628	-0.67	0
ayer_h1-hoy_h3:igual	g	225	14	7.6	1.845	+2.37	0.018	1.571	+1.14	1.143	+0.51	0
L1:mas1	a	2519	45	63.6	0.708	-2.36	0.018	0.771	-1.32	0.806	-2.22	0
AYER_MISMA:pm1	c	2700	109	135.5	0.805	-2.34	0.019	0.902	-0.83	1.014	+0.24	0
AYER_ULT:rueda1	c	2700	119	145.6	0.817	-2.27	0.023	0.815	-1.64	0.928	-1.26	0
ayer_h5-hoy_h0:igual	g	225	7	3.1	2.272	+2.25	0.024	1.395	+0.68	0.327	-1.19	0
RD1:espejo	d	2519	11	21.2	0.520	-2.24	0.025	0.533	-1.59	0.969	-0.21	0
par_h6-h10:igual	g	229	8	3.9	2.076	+2.13	0.033	1.312	+0.48	1.400	+1.23	0
RD1:pano_d	d	2519	179	153.7	1.165	+2.13	0.033	1.137	+1.26	0.969	-0.58	0
gap>=150	f	2748	62	80.4	0.772	-2.09	0.036	1.345	+1.79	0.853	-1.63	0
L3:decena	a	2061	488	449.2	1.086	+2.09	0.037	0.989	-0.20	1.022	+0.74	0
ayer_h0-hoy_h4:igual	g	225	12	6.7	1.789	+2.08	0.038	1.039	+0.07	1.721	+1.85	0
ayer_h2-hoy_h0:igual	g	225	7	3.3	2.139	+2.08	0.038	1.996	+1.75	0.695	-0.52	0
ayer_h0-hoy_h1:igual	g	225	14	8.2	1.711	+2.07	0.038	1.741	+1.51	0.997	-0.01	0
AYER_ULT:menos1	c	2700	52	68.9	0.755	-2.07	0.038	0.815	-1.12	0.818	-2.14	0
AYER_MISMA:rueda1	c	2700	118	141.9	0.832	-2.06	0.039	0.995	-0.04	1.048	+0.84	0
gap_rank1-3	f	2748	121	145.0	0.835	-2.05	0.041	1.128	+1.16	0.948	-1.12	0
AYER_ULT:mas1	c	2700	82	65.7	1.247	+2.04	0.042	0.846	-0.92	1.064	+0.76	0
par_h5-h9:pm1	g	229	5	11.8	0.425	-2.03	0.042	1.138	+0.35	1.039	+0.20	0
RD1:ultdig	d	2519	203	177.1	1.146	+2.02	0.043	0.921	-0.78	1.030	+0.60	0
L2:pano_any	b	2290	357	323.9	1.102	+2.02	0.044	0.979	-0.29	1.059	+1.63	0
AYER_ULT_8:pm1	c	225	5	11.5	0.433	-1.99	0.047	1.363	+0.91	0.970	-0.10	0
par_h6-h11:ultdig	g	229	9	16.8	0.536	-1.98	0.048	0.606	-1.18	0.974	-0.16	0
par_h1-h5:ultdig	g	229	9	16.7	0.538	-1.97	0.048	1.092	+0.27	0.977	-0.14	0
L2:pano_d	b	2290	164	141.5	1.159	+1.97	0.049	1.150	+1.32	0.997	-0.05	0
par_h0-h6:ultdig	g	229	9	16.6	0.541	-1.96	0.05	1.085	+0.26	0.834	-0.68	0
L1:menos1	a	2519	80	64.6	1.238	+1.95	0.052	0.914	-0.50	0.856	-1.64	0
par_h0-h11:pm1	g	229	5	11.2	0.446	-1.91	0.057	0.520	-1.19	0.760	-0.80	0
L2:pm1	a	2290	136	116.1	1.171	+1.90	0.057	1.141	+1.12	1.132	+2.06	0
par_busca	e	2519	1088	1044.3	1.042	+1.89	0.059	1.023	+0.72	1.008	+0.48	0
L3:comp36	a	2061	39	52.4	0.745	-1.88	0.06	0.986	-0.08	1.157	+1.61	0
ayer_h10-hoy_h0:igual	g	225	7	3.5	1.985	+1.87	0.062	0.662	-0.60	0.610	-0.71	0
ayer_h4-hoy_h8:igual	g	225	2	6.7	0.297	-1.86	0.062	1.207	+0.38	1.175	+0.72	0
ayer_h1-hoy_h9:igual	g	225	3	8.2	0.368	-1.85	0.064	1.064	+0.13	0.980	-0.09	0
par_h7-h8:pm1	g	229	6	12.3	0.490	-1.84	0.065	1.074	+0.19	0.580	-2.12	0
ayer_h10-hoy_h7:igual	g	225	11	6.4	1.713	+1.84	0.066	1.041	+0.07	0.997	-0.01	0
L12:dif	a	2163	43	56.3	0.764	-1.80	0.072	0.968	-0.17	0.868	-1.41	0
z:dia+2	z	2519	55	69.8	0.788	-1.80	0.072	1.145	+0.84	0.933	-0.80	0
gap>=120	f	2748	112	131.6	0.851	-1.76	0.078	1.214	+1.62	0.839	-2.51	0
ayer_h4-hoy_h4:igual	g	225	9	5.1	1.770	+1.76	0.078	1.097	+0.16	0.828	-0.54	0
AYER_ULT:rueda2	c	2700	157	137.0	1.146	+1.75	0.079	1.063	+0.55	0.881	-2.06	0
ayer_h1-hoy_h6:igual	g	225	2	6.3	0.317	-1.75	0.081	0.642	-0.64	0.758	-0.94	0
L3:docena	a	2061	604	569.4	1.061	+1.73	0.084	1.083	+1.68	0.997	-0.14	0
L3:mitad	a	2061	917	879.2	1.043	+1.73	0.084	1.000	-0.00	0.988	-0.67	0
RD2:igual	d	2290	49	62.3	0.786	-1.72	0.086	0.745	-1.44	0.696	-3.51	0
AYER_ULT:columna	c	2700	692	730.9	0.947	-1.71	0.087	1.004	+0.10	1.004	+0.17	0
par_h3-h5:igual	g	229	3	1.2	2.577	+1.71	0.088	0.869	-0.14	1.220	+0.40	0
par_h2-h9:igual	g	229	4	1.8	2.278	+1.70	0.089	1.611	+0.68	0.400	-1.35	0
par_h2-h4:pm1	g	229	6	11.6	0.517	-1.70	0.09	1.384	+0.95	1.096	+0.49	0
par_h6-h8:pm1	g	229	17	11.4	1.486	+1.70	0.09	1.422	+1.03	1.329	+1.66	0
ayer_h8-hoy_h0:igual	g	225	6	3.1	1.954	+1.69	0.092	1.259	+0.47	0.789	-0.34	0
AYER_ULT_8:pano_h	c	225	3	7.5	0.401	-1.68	0.093	1.212	+0.44	1.013	+0.04	0
AYER_ULT_8:decena	c	225	39	49.1	0.795	-1.65	0.099	1.140	+0.79	0.819	-1.41	0
gap>=96	f	2748	184	206.6	0.891	-1.65	0.1	1.125	+1.28	0.942	-1.26	0
ayer_h5-hoy_h9:igual	g	225	3	7.4	0.408	-1.64	0.1	0.982	-0.03	1.064	+0.27	0
par_h4-h6:ultdig	g	229	10	16.3	0.612	-1.63	0.1	0.359	-1.93	0.772	-1.41	0
par_h4-h5:ultdig	g	229	10	16.3	0.615	-1.62	0.11	0.489	-1.52	0.833	-1.02	0
L2:comp36	a	2290	46	58.0	0.793	-1.60	0.11	1.052	+0.29	0.782	-2.36	0
par_h0-h7:pm1	g	229	16	10.9	1.471	+1.60	0.11	0.678	-0.81	1.608	+2.03	0
L2:docena	a	2290	667	633.5	1.053	+1.59	0.11	1.015	+0.33	1.051	+2.16	0
ayer_h10-hoy_h11:igual	g	225	3	7.1	0.420	-1.58	0.11	1.403	+0.77	1.145	+0.53	0
AYER_MISMA:decena	c	2700	550	583.3	0.943	-1.57	0.12	1.016	+0.31	0.972	-1.07	0
RD1:pm2	d	2519	139	122.2	1.138	+1.57	0.12	1.083	+0.68	0.978	-0.36	0
RD1:pano_any	d	2519	381	354.2	1.076	+1.56	0.12	1.027	+0.40	0.988	-0.34	0
par_h0-h11:igual	g	229	1	4.1	0.244	-1.55	0.12	1.948	+1.37	0.528	-0.93	0
AYER_ULT_8:mas1	c	225	2	5.6	0.359	-1.54	0.12	1.376	+0.65	1.115	+0.27	0
AYER_ULT_8:espejo	c	225	0	2.3	0.000	-1.54	0.12	0.000	-0.97	0.000	-1.50	0
par_h1-h9:igual	g	229	4	1.9	2.103	+1.53	0.13	0.000	-1.12	0.803	-0.44	0
par_h0-h2:ultdig	g	229	23	17.0	1.353	+1.52	0.13	0.942	-0.18	0.914	-0.35	0
ayer_h2-hoy_h2:igual	g	225	9	5.5	1.629	+1.50	0.13	0.344	-1.14	0.748	-0.78	0
ayer_h6-hoy_h2:igual	g	225	3	6.9	0.438	-1.50	0.13	0.000	-1.89	1.431	+1.46	0
par_h5-h6:ultdig	g	229	11	16.9	0.652	-1.49	0.14	0.903	-0.30	1.139	+0.85	0
ayer_h6-hoy_h7:igual	g	225	3	6.7	0.444	-1.47	0.14	0.927	-0.13	0.921	-0.28	0
AYER_ULT_8:pano_any	c	225	24	31.5	0.762	-1.46	0.14	0.779	-0.99	0.913	-0.52	0
par_h0-h10:igual	g	229	1	3.8	0.261	-1.46	0.14	0.965	-0.05	0.472	-1.10	0
AYER_ULT:pm2	c	2700	143	127.0	1.126	+1.46	0.14	1.045	+0.38	1.028	+0.46	0
AYER_ULT:igual	c	2700	84	71.9	1.169	+1.46	0.15	1.048	+0.29	1.114	+1.38	0
ayer_h8-hoy_h1:igual	g	225	3	6.7	0.448	-1.45	0.15	0.597	-0.75	0.901	-0.33	0
ayer_h4-hoy_h0:igual	g	225	6	3.4	1.784	+1.45	0.15	0.346	-1.13	0.687	-0.54	0
L3:espejo	a	2061	12	18.1	0.665	-1.45	0.15	1.137	+0.43	0.809	-1.14	0
ayer_h11-hoy_h3:igual	g	225	10	6.4	1.560	+1.44	0.15	0.581	-0.79	1.179	+0.62	0
ayer_h11-hoy_h4:igual	g	225	9	5.6	1.596	+1.44	0.15	0.386	-1.00	0.776	-0.77	0
ayer_h6-hoy_h0:igual	g	225	5	2.7	1.866	+1.43	0.15	2.701	+2.77	0.636	-0.65	0
par_h2-h5:ultdig	g	229	11	16.5	0.667	-1.41	0.16	0.925	-0.23	1.105	+0.65	0
ayer_h1-hoy_h10:igual	g	225	4	7.9	0.509	-1.41	0.16	0.547	-0.88	1.238	+1.03	0
AYER_ULT:espejo	c	2700	20	27.2	0.735	-1.40	0.16	0.914	-0.29	0.940	-0.43	0
par_h0-h9:igual	g	229	0	2.0	0.000	-1.40	0.16	0.000	-1.12	0.000	-1.59	0
par_h4-h8:pm1	g	229	7	11.6	0.602	-1.40	0.16	1.635	+1.62	0.854	-0.74	0
ayer_h8-hoy_h7:igual	g	225	8	4.9	1.621	+1.40	0.16	1.138	+0.23	1.164	+0.56	0
par_h2-h10:pm1	g	229	16	11.4	1.398	+1.38	0.17	0.520	-1.19	1.066	+0.34	0
ayer_h0-hoy_h10:igual	g	225	4	7.8	0.514	-1.38	0.17	0.923	-0.14	1.421	+1.20	0
RD1:mas1	d	2519	52	62.8	0.829	-1.38	0.17	1.003	+0.02	0.971	-0.33	0
par_h7-h9:igual	g	229	0	1.8	0.000	-1.36	0.17	1.565	+0.64	0.995	-0.01	0
L2:espejo	a	2290	14	19.8	0.706	-1.33	0.18	0.572	-1.41	0.857	-0.90	0
par_h8-h10:ultdig	g	229	11	16.1	0.683	-1.33	0.18	1.168	+0.51	0.959	-0.25	0
AYER_ULT_8:igual	c	225	5	2.8	1.783	+1.32	0.19	1.507	+0.84	1.181	+0.29	0
ayer_h11-hoy_h0:igual	g	225	5	2.8	1.783	+1.32	0.19	1.507	+0.84	1.181	+0.29	0
par_h4-h10:ultdig	g	229	11	16.1	0.685	-1.31	0.19	0.978	-0.07	0.995	-0.03	0
RD2:rueda1	d	2290	135	121.0	1.116	+1.31	0.19	0.918	-0.66	1.094	+1.53	0
ayer_h2-hoy_h7:igual	g	225	3	6.2	0.485	-1.30	0.19	0.615	-0.71	0.895	-0.41	0
ayer_h0-hoy_h9:igual	g	225	4	7.5	0.534	-1.30	0.19	1.130	+0.25	0.667	-0.93	0
ayer_h7-hoy_h7:igual	g	225	2	4.8	0.416	-1.30	0.19	1.232	+0.37	1.427	+1.40	0
AYER_MISMA:pano_d	c	2700	181	165.0	1.097	+1.30	0.2	1.036	+0.34	0.980	-0.38	0
ayer_h0-hoy_h2:igual	g	225	11	7.5	1.464	+1.30	0.2	1.348	+0.68	1.273	+0.65	0
RD1:color	d	2519	1104	1072.7	1.029	+1.29	0.2	1.032	+1.02	0.987	-0.85	0
ayer_h9-hoy_h7:igual	g	225	3	6.1	0.492	-1.28	0.2	1.931	+1.67	0.727	-0.98	0
ayer_h7-hoy_h0:igual	g	225	5	2.9	1.747	+1.27	0.2	1.553	+0.90	0.000	-1.87	0
par_h8-h9:igual	g	229	0	1.6	0.000	-1.27	0.21	0.000	-1.10	1.356	+0.75	0
par_h9-h11:pm1	g	229	7	11.1	0.631	-1.27	0.21	1.184	+0.46	1.057	+0.29	0
ayer_h1-hoy_h2:igual	g	225	11	7.6	1.447	+1.25	0.21	1.306	+0.61	1.043	+0.14	0
ayer_h10-hoy_h3:igual	g	225	3	6.0	0.498	-1.25	0.21	1.334	+0.59	1.009	+0.03	0
AYER_MISMA:igual	c	2700	70	60.5	1.158	+1.24	0.21	1.041	+0.23	1.010	+0.11	0
AYER_ULT_8:menos1	c	225	3	6.0	0.503	-1.24	0.22	1.350	+0.61	0.813	-0.42	0
par_h0-h9:ultdig	g	229	12	16.8	0.714	-1.22	0.22	0.709	-0.88	1.223	+0.92	0
AYER_ULT:pano_v	c	2700	111	124.2	0.894	-1.22	0.22	0.912	-0.72	0.959	-0.66	0
ayer_h8-hoy_h9:igual	g	225	4	7.2	0.556	-1.21	0.22	1.374	+0.73	0.888	-0.42	0
ayer_h2-hoy_h9:igual	g	225	5	8.3	0.599	-1.19	0.24	0.252	-1.52	0.833	-0.72	0
L1:igual	a	2519	11	15.7	0.702	-1.19	0.24	0.962	-0.12	0.786	-1.37	0
ayer_h10-hoy_h1:igual	g	225	11	7.8	1.416	+1.18	0.24	0.965	-0.07	1.938	+3.28	0
ayer_h11-hoy_h8:igual	g	225	4	7.0	0.569	-1.17	0.24	0.650	-0.63	1.192	+0.76	0
AYER_MISMA:espejo	c	2700	17	22.4	0.758	-1.16	0.24	0.415	-2.06	0.688	-2.13	0
gap>=200	f	2748	37	44.6	0.830	-1.16	0.25	1.473	+1.42	0.978	-0.14	0
AYER_MISMA:comp36	c	2700	58	67.3	0.861	-1.16	0.25	0.862	-0.83	0.991	-0.10	0
par_h2-h7:ultdig	g	229	12	16.5	0.728	-1.15	0.25	1.142	+0.44	1.079	+0.49	0
par_h3-h8:ultdig	g	229	21	16.5	1.272	+1.15	0.25	0.977	-0.07	0.870	-0.80	0
AYER_ULT:ultdig	c	2700	197	182.1	1.082	+1.15	0.25	1.146	+1.50	1.035	+0.72	0
ayer_h7-hoy_h10:igual	g	225	10	7.0	1.425	+1.15	0.25	0.313	-1.25	0.709	-1.17	0
par_h4-h7:ultdig	g	229	21	16.5	1.270	+1.14	0.25	1.295	+0.90	0.712	-1.78	0
par_h6-h7:ultdig	g	229	13	17.6	0.739	-1.14	0.25	0.708	-0.89	1.076	+0.47	0
AYER_MISMA:sumadig	c	2700	160	174.5	0.917	-1.14	0.25	0.935	-0.64	0.911	-1.73	0
L3:rueda1	b	2061	99	110.6	0.895	-1.14	0.25	0.676	-2.50	0.909	-1.38	0
AYER_MISMA:pano_v	c	2700	136	123.7	1.099	+1.14	0.25	1.067	+0.54	0.949	-0.83	0
par_h6-h8:ultdig	g	229	13	17.6	0.740	-1.14	0.26	0.704	-0.90	0.877	-0.75	0
par_h6-h9:pm1	g	229	15	11.3	1.328	+1.14	0.26	1.068	+0.17	1.003	+0.02	0
par_h3-h9:pm1	g	229	8	11.8	0.679	-1.14	0.26	0.181	-1.98	1.165	+0.82	0
par_h3-h8:pm1	g	229	8	11.7	0.683	-1.12	0.26	0.729	-0.65	0.951	-0.24	0
par_h3-h7:pm1	g	229	8	11.7	0.684	-1.11	0.26	0.556	-1.06	1.268	+1.34	0
par_h1-h7:pm1	g	229	8	11.7	0.684	-1.11	0.27	0.330	-1.70	1.029	+0.15	0
AYER_ULT_8:pano_v	c	225	7	10.5	0.668	-1.11	0.27	0.566	-1.03	1.053	+0.17	0
ayer_h4-hoy_h9:igual	g	225	4	6.8	0.585	-1.11	0.27	0.842	-0.30	0.925	-0.31	0
ayer_h9-hoy_h2:igual	g	225	9	6.3	1.434	+1.11	0.27	0.654	-0.62	0.540	-1.55	0
ayer_h7-hoy_h11:igual	g	225	10	7.1	1.406	+1.10	0.27	1.210	+0.39	0.641	-1.44	0
ayer_h3-hoy_h4:igual	g	225	4	6.8	0.586	-1.10	0.27	0.000	-1.82	1.097	+0.32	0
AYER_MISMA:columna	c	2700	714	739.1	0.966	-1.10	0.27	1.017	+0.38	0.993	-0.32	0
par_h8-h9:ultdig	g	229	12	16.2	0.740	-1.09	0.28	0.579	-1.29	0.731	-1.64	0
RD2:espejo	d	2290	24	19.3	1.241	+1.08	0.28	0.974	-0.08	1.186	+1.21	0
par_h5-h8:igual	g	229	0	1.2	0.000	-1.08	0.28	0.000	-0.80	0.727	-0.56	0
ayer_h11-hoy_h6:igual	g	225	8	5.5	1.449	+1.07	0.28	1.752	+1.29	1.186	+0.67	0
par_h0-h8:igual	g	229	0	1.1	0.000	-1.07	0.28	1.693	+0.53	0.519	-0.67	0
RD2:pano_d	d	2290	152	139.9	1.087	+1.07	0.29	1.157	+1.37	0.992	-0.14	0
L1:comp37	a	2519	55	63.4	0.868	-1.07	0.29	1.076	+0.44	0.953	-0.54	0
par_h1-h3:igual	g	229	0	1.1	0.000	-1.07	0.29	1.415	+0.35	1.656	+1.14	0
par_h0-h4:igual	g	229	0	1.1	0.000	-1.06	0.29	3.068	+2.05	2.158	+1.37	0
par_h6-h8:igual	g	229	0	1.1	0.000	-1.06	0.29	0.000	-0.79	0.522	-0.94	0
ayer_h10-hoy_h8:igual	g	225	9	6.4	1.411	+1.06	0.29	0.640	-0.65	0.821	-0.70	0
L3:comp37	a	2061	60	52.5	1.144	+1.06	0.29	0.819	-0.96	0.896	-1.07	0
RD1:menos1	d	2519	71	62.8	1.131	+1.06	0.29	1.021	+0.12	0.929	-0.83	0
ayer_h9-hoy_h9:igual	g	225	8	5.6	1.441	+1.06	0.29	0.682	-0.55	0.911	-0.31	0
ayer_h11-hoy_h5:igual	g	225	3	5.4	0.554	-1.05	0.29	0.397	-0.97	1.377	+1.42	0
par_h4-h8:igual	g	229	0	1.1	0.000	-1.05	0.29	0.000	-0.79	0.522	-0.94	0
ayer_h4-hoy_h2:igual	g	225	4	6.7	0.601	-1.05	0.29	0.566	-0.83	1.067	+0.23	0
par_h4-h11:ultdig	g	229	20	16.0	1.251	+1.04	0.3	0.988	-0.04	1.110	+0.67	0
par_h1-h8:igual	g	229	0	1.1	0.000	-1.04	0.3	1.674	+0.52	1.318	+0.62	0
ayer_h9-hoy_h5:igual	g	225	4	6.6	0.603	-1.04	0.3	0.637	-0.65	1.277	+1.00	0
par_h3-h8:igual	g	229	0	1.1	0.000	-1.04	0.3	1.740	+0.56	1.505	+1.01	0
par_h1-h4:pm1	g	229	8	11.4	0.703	-1.03	0.3	0.844	-0.39	0.754	-1.24	0
par_h2-h8:igual	g	229	0	1.1	0.000	-1.03	0.3	0.000	-0.76	0.763	-0.47	0
par_h2-h10:igual	g	229	6	4.0	1.512	+1.03	0.3	0.482	-0.75	1.391	+1.21	0
L1:decena	a	2519	572	550.9	1.038	+1.02	0.31	1.010	+0.20	0.935	-2.44	0
ayer_h3-hoy_h11:igual	g	225	11	8.1	1.350	+1.02	0.31	1.540	+1.09	1.136	+0.58	0
par_h2-h6:pm1	g	229	15	11.6	1.289	+1.02	0.31	1.210	+0.52	1.018	+0.09	0
AYER_ULT:pano_any	c	2700	356	373.9	0.952	-1.01	0.31	0.918	-1.27	0.983	-0.51	0
ayer_h5-hoy_h6:igual	g	225	4	6.5	0.614	-1.00	0.32	1.309	+0.55	1.176	+0.62	0
par_h1-h9:ultdig	g	229	21	17.1	1.231	+1.00	0.32	1.226	+0.67	1.065	+0.40	0
ayer_h0-hoy_h6:igual	g	225	4	6.5	0.618	-0.99	0.32	0.944	-0.10	0.481	-1.32	0
AYER_MISMA:comp37	c	2700	59	67.0	0.881	-0.99	0.32	0.771	-1.35	0.975	-0.30	0
AYER_ULT_8:mitad	c	225	89	96.1	0.926	-0.99	0.32	1.186	+1.74	0.985	-0.19	0
par_h4-h7:igual	g	229	0	1.0	0.000	-0.98	0.33	0.000	-0.78	1.308	+0.54	0
par_h0-h2:igual	g	229	0	1.0	0.000	-0.98	0.33	1.501	+0.41	0.000	-1.10	0
RD1:mitad	d	2519	1094	1070.3	1.022	+0.98	0.33	1.045	+1.40	1.005	+0.32	0
par_h5-h7:igual	g	229	0	0.9	0.000	-0.97	0.33	0.000	-0.76	0.357	-1.08	0
ayer_h3-hoy_h6:igual	g	225	9	6.6	1.373	+0.97	0.33	1.344	+0.60	0.588	-1.54	0
AYER_MISMA:ultdig	c	2700	203	190.1	1.068	+0.97	0.33	0.932	-0.70	0.909	-1.87	0
par_h3-h9:ultdig	g	229	20	16.3	1.231	+0.97	0.33	1.108	+0.32	0.868	-0.81	0
par_h4-h6:igual	g	229	0	0.9	0.000	-0.97	0.33	0.000	-0.78	1.417	+0.70	0
AYER_ULT:sumadig	c	2700	161	173.2	0.930	-0.96	0.33	0.997	-0.03	0.972	-0.53	0
ayer_h7-hoy_h2:igual	g	225	4	6.4	0.626	-0.96	0.34	1.746	+1.41	0.784	-0.74	0
L2:pano_v	b	2290	115	105.5	1.090	+0.95	0.34	0.743	-1.94	1.115	+1.71	0
par_h7-h11:pm1	g	229	15	11.8	1.269	+0.95	0.34	0.809	-0.49	1.278	+1.41	0
par_h3-h7:igual	g	229	0	0.9	0.000	-0.95	0.34	0.000	-0.75	0.356	-1.08	0
L2:rueda1	b	2290	134	123.8	1.083	+0.95	0.34	0.907	-0.76	0.922	-1.24	0
par_h1-h11:ultdig	g	229	13	16.7	0.778	-0.94	0.34	0.492	-1.51	0.790	-1.28	0
par_h2-h7:igual	g	229	0	0.9	0.000	-0.94	0.35	0.000	-0.74	1.365	+0.63	0
par_h2-h6:igual	g	229	0	0.9	0.000	-0.94	0.35	0.000	-0.77	0.354	-1.09	0
par_h0-h7:igual	g	229	0	0.9	0.000	-0.94	0.35	3.616	+1.95	1.326	+0.40	0
par_h1-h6:igual	g	229	0	0.9	0.000	-0.94	0.35	0.000	-0.75	1.035	+0.06	0
par_h1-h7:igual	g	229	0	0.9	0.000	-0.94	0.35	0.000	-0.73	0.349	-1.10	0
par_h0-h6:igual	g	229	0	0.9	0.000	-0.93	0.35	1.838	+0.62	0.000	-1.18	0
par_h0-h1:ultdig	g	229	13	16.6	0.782	-0.93	0.35	1.403	+1.23	1.116	+0.47	0
ayer_h2-hoy_h8:igual	g	225	5	7.5	0.670	-0.92	0.36	0.792	-0.41	0.630	-1.58	0
RD_hoy_antes	d	2519	395	411.6	0.960	-0.92	0.36	0.846	-2.46	0.794	-6.70	0
ayer_h6-hoy_h3:igual	g	225	5	7.5	0.671	-0.92	0.36	0.283	-1.37	1.192	+0.67	0
par_h10-h11:ultdig	g	229	13	16.6	0.785	-0.91	0.36	0.706	-0.89	0.927	-0.45	0
ayer_h6-hoy_h6:igual	g	225	3	5.0	0.598	-0.91	0.36	1.539	+0.88	1.242	+0.79	0
par_h1-h2:igual	g	229	0	0.8	0.000	-0.91	0.36	3.311	+1.80	0.840	-0.25	0
ayer_h5-hoy_h8:igual	g	225	5	7.4	0.675	-0.90	0.37	1.614	+1.10	0.735	-1.09	0
ayer_h3-hoy_h9:igual	g	225	10	7.6	1.320	+0.90	0.37	1.062	+0.12	0.910	-0.39	0
L3:color	a	2061	907	887.2	1.022	+0.90	0.37	0.995	-0.14	1.005	+0.28	0
par_h0-h4:ultdig	g	229	13	16.5	0.788	-0.90	0.37	1.549	+1.66	0.970	-0.12	0
par_h2-h3:ultdig	g	229	13	16.5	0.788	-0.90	0.37	1.132	+0.41	0.804	-1.20	0
RD2:pano_any	d	2290	336	321.4	1.045	+0.89	0.37	1.008	+0.11	0.961	-1.09	0
par_h6-h7:igual	g	229	0	0.8	0.000	-0.89	0.37	0.000	-0.72	0.000	-1.60	0
par_h0-h1:igual	g	229	0	0.8	0.000	-0.88	0.38	0.000	-0.70	0.000	-1.09	0
ayer_h6-hoy_h10:igual	g	225	5	7.3	0.684	-0.87	0.38	0.616	-0.70	1.173	+0.71	0
par_h2-h8:ultdig	g	229	20	16.6	1.205	+0.87	0.38	1.259	+0.80	1.201	+1.24	0
AYER_MISMA:menos1	c	2700	61	68.0	0.897	-0.86	0.39	0.726	-1.64	1.144	+1.69	0
par_h0-h3:pm1	g	229	14	11.2	1.250	+0.86	0.39	1.525	+1.31	0.925	-0.25	0
ayer_h9-hoy_h4:igual	g	225	4	6.1	0.658	-0.86	0.39	0.632	-0.66	1.024	+0.08	0
ayer_h9-hoy_h0:igual	g	225	5	3.4	1.458	+0.86	0.39	0.908	-0.17	0.000	-1.85	0
ayer_h0-hoy_h0:igual	g	225	0	0.7	0.000	-0.85	0.39	1.455	+0.38	0.000	-0.82	0
ayer_h9-hoy_h10:igual	g	225	5	7.3	0.690	-0.85	0.39	0.555	-0.86	1.062	+0.23	0
ayer_h5-hoy_h3:igual	g	225	9	6.9	1.312	+0.83	0.41	0.303	-1.29	1.327	+1.11	0
ayer_h2-hoy_h4:igual	g	225	9	6.9	1.311	+0.83	0.41	0.891	-0.20	1.186	+0.67	0
par_h0-h2:pm1	g	229	14	11.3	1.240	+0.83	0.41	1.337	+0.85	1.019	+0.06	0
L2:ultdig	a	2290	156	166.2	0.939	-0.83	0.41	0.760	-2.29	0.862	-2.60	0
RD2:columna	d	2290	647	629.9	1.027	+0.81	0.42	0.973	-0.58	1.007	+0.30	0
L3:paridad	a	2061	868	885.8	0.980	-0.81	0.42	0.964	-1.03	0.983	-0.95	0
ayer_h8-hoy_h2:igual	g	225	4	5.9	0.676	-0.80	0.42	0.329	-1.19	1.836	+2.93	0
par_h1-h9:pm1	g	229	9	11.6	0.773	-0.80	0.42	1.188	+0.47	1.076	+0.38	0
par_h2-h11:igual	g	229	3	4.7	0.637	-0.80	0.43	0.892	-0.16	1.680	+2.12	0
ayer_h2-hoy_h10:igual	g	225	6	8.2	0.729	-0.79	0.43	0.520	-0.96	0.730	-1.17	0
par_h2-h4:igual	g	229	2	1.2	1.734	+0.79	0.43	2.017	+1.02	0.998	-0.00	0
RD2:pm1	d	2290	122	113.8	1.072	+0.79	0.43	0.974	-0.20	0.900	-1.59	0
par_h6-h7:pm1	g	229	14	11.4	1.227	+0.79	0.43	0.717	-0.69	0.628	-1.87	0
L3:pm2	a	2061	109	101.4	1.075	+0.78	0.44	0.965	-0.26	0.949	-0.74	0
par_h2-h7:pm1	g	229	9	11.6	0.779	-0.78	0.44	0.696	-0.75	1.184	+0.94	0
par_h1-h10:pm1	g	229	14	11.5	1.220	+0.77	0.44	0.522	-1.18	0.966	-0.17	0
par_h7-h8:ultdig	g	229	13	15.9	0.817	-0.76	0.45	0.608	-1.17	0.720	-1.72	0
AYER_MISMA:pm2	c	2700	123	131.4	0.936	-0.75	0.45	1.116	+0.98	0.920	-1.33	0
par_h1-h5:pm1	g	229	9	11.5	0.785	-0.75	0.45	0.680	-0.80	0.748	-1.27	0
par_h1-h6:ultdig	g	229	14	16.9	0.827	-0.74	0.46	0.601	-1.20	1.035	+0.21	0
ayer_h6-hoy_h5:igual	g	225	7	5.3	1.315	+0.74	0.46	1.129	+0.21	1.205	+0.71	0
par_h2-h5:igual	g	229	2	1.2	1.667	+0.73	0.46	4.995	+4.40	1.675	+1.28	0
par_h9-h11:igual	g	229	6	4.5	1.341	+0.73	0.47	1.329	+0.50	1.547	+1.66	0
par_h5-h7:ultdig	g	229	20	17.1	1.168	+0.72	0.47	1.008	+0.02	0.878	-0.74	0
ayer_h4-hoy_h3:igual	g	225	7	5.4	1.305	+0.72	0.47	1.323	+0.57	1.305	+0.97	0
par_h1-h2:pm1	g	229	9	11.3	0.795	-0.71	0.48	1.027	+0.07	0.919	-0.41	0
ayer_h5-hoy_h7:igual	g	225	5	6.8	0.737	-0.70	0.48	0.959	-0.07	0.719	-1.06	0
ayer_h0-hoy_h8:igual	g	225	6	7.9	0.759	-0.70	0.49	0.844	-0.30	0.637	-1.04	0
par_h1-h10:ultdig	g	229	14	16.7	0.838	-0.69	0.49	0.993	-0.02	1.022	+0.13	0
par_h1-h8:ultdig	g	229	20	17.2	1.159	+0.69	0.49	1.431	+1.30	1.147	+0.91	0
par_h2-h8:pm1	g	229	14	11.7	1.194	+0.68	0.49	0.174	-2.04	0.820	-0.91	0
ayer_h1-hoy_h4:igual	g	225	5	6.7	0.742	-0.68	0.5	0.972	-0.05	0.868	-0.48	0
par_h2-h3:pm1	g	229	14	11.7	1.193	+0.68	0.5	1.871	+2.18	0.940	-0.31	0
RD1:rueda2	d	2519	140	132.4	1.057	+0.68	0.5	1.297	+2.49	1.059	+1.00	0
RD1:decena	d	2519	558	544.2	1.025	+0.68	0.5	1.008	+0.15	0.973	-1.05	0
par_h3-h10:igual	g	229	5	3.7	1.348	+0.68	0.5	0.476	-0.77	0.663	-1.02	0
ayer_h7-hoy_h9:igual	g	225	9	7.2	1.247	+0.68	0.5	0.597	-0.75	0.890	-0.45	0
par_h5-h6:pm1	g	229	14	11.8	1.191	+0.68	0.5	0.790	-0.54	0.993	-0.04	0
par_h4-h11:pm1	g	229	9	11.2	0.804	-0.68	0.5	0.833	-0.42	0.984	-0.08	0
ayer_h4-hoy_h6:igual	g	225	8	6.3	1.262	+0.67	0.5	0.302	-1.29	1.777	+2.90	0
RD2:mas1	d	2290	62	57.0	1.087	+0.67	0.5	1.021	+0.11	1.030	+0.34	0
L2:sumadig	a	2290	145	152.9	0.949	-0.66	0.51	1.014	+0.13	0.926	-1.33	0
par_h6-h9:igual	g	229	1	1.9	0.527	-0.65	0.51	1.455	+0.54	0.368	-1.48	0
ayer_h9-hoy_h8:igual	g	225	7	5.5	1.275	+0.65	0.51	0.351	-1.11	0.922	-0.29	0
par_h0-h6:pm1	g	229	13	10.9	1.188	+0.64	0.52	1.012	+0.03	1.304	+1.03	0
par_h4-h10:igual	g	229	5	3.8	1.327	+0.64	0.52	2.017	+1.45	1.390	+1.20	0
ayer_h8-hoy_h8:igual	g	225	7	5.5	1.267	+0.64	0.52	1.023	+0.04	0.827	-0.61	0
ayer_h10-hoy_h10:igual	g	225	4	5.5	0.733	-0.63	0.53	1.768	+1.31	1.414	+1.46	0
par_h8-h11:igual	g	229	6	4.7	1.289	+0.63	0.53	0.801	-0.32	1.306	+0.98	0
ayer_h8-hoy_h11:igual	g	225	9	7.3	1.228	+0.63	0.53	0.280	-1.39	1.261	+1.03	0
ayer_h6-hoy_h8:igual	g	225	6	7.7	0.779	-0.62	0.53	0.825	-0.34	0.680	-1.31	0
ayer_h11-hoy_h10:igual	g	225	4	5.4	0.736	-0.62	0.53	0.365	-1.06	0.862	-0.50	0
L1:mitad	a	2519	1096	1081.0	1.014	+0.62	0.54	0.978	-0.70	0.967	-2.07	0
AYER_ULT_8:rueda1	c	225	10	12.1	0.829	-0.61	0.54	0.512	-1.21	1.312	+1.05	0
par_h3-h4:ultdig	g	229	14	16.4	0.854	-0.61	0.54	1.113	+0.34	0.698	-1.85	0
RD1:docena	d	2519	707	693.4	1.020	+0.61	0.54	1.076	+1.69	0.996	-0.19	0
ayer_h8-hoy_h4:igual	g	225	5	6.5	0.768	-0.60	0.55	0.000	-1.78	0.533	-1.59	0
par_h2-h11:ultdig	g	229	14	16.3	0.858	-0.60	0.55	0.812	-0.58	0.851	-0.91	0
par_h2-h9:ultdig	g	229	19	16.7	1.140	+0.60	0.55	1.384	+1.18	1.068	+0.42	0
par_h5-h9:igual	g	229	1	1.8	0.558	-0.59	0.55	1.578	+0.65	1.216	+0.48	0
AYER_MISMA:color	c	2700	1130	1144.9	0.987	-0.59	0.55	1.005	+0.17	0.987	-0.85	0
ayer_h6-hoy_h4:igual	g	225	5	6.5	0.771	-0.59	0.55	1.264	+0.48	0.854	-0.51	0
par_h0-h9:pm1	g	229	9	10.9	0.826	-0.59	0.55	1.860	+2.15	0.671	-1.09	0
ayer_h3-hoy_h7:igual	g	225	5	6.5	0.773	-0.59	0.56	0.698	-0.52	1.184	+0.71	0
ayer_h8-hoy_h3:igual	g	225	5	6.5	0.773	-0.59	0.56	2.234	+2.38	0.899	-0.34	0
ayer_h9-hoy_h11:igual	g	225	6	7.6	0.792	-0.58	0.56	1.053	+0.10	0.798	-0.80	0
par_h1-h10:igual	g	229	3	4.2	0.719	-0.58	0.56	0.936	-0.09	0.861	-0.43	0
ayer_h11-hoy_h9:igual	g	225	8	6.6	1.220	+0.57	0.57	0.966	-0.06	1.525	+2.03	0
RD1:columna	d	2519	680	692.7	0.982	-0.57	0.57	0.977	-0.52	1.054	+2.43	0
ayer_h5-hoy_h1:igual	g	225	6	7.5	0.796	-0.57	0.57	0.808	-0.38	1.448	+1.51	0
par_h4-h5:pm1	g	229	10	11.9	0.841	-0.56	0.57	0.642	-0.92	1.059	+0.30	0
RD1:rueda1	d	2519	139	132.8	1.047	+0.56	0.58	1.177	+1.50	1.026	+0.44	0
ayer_h5-hoy_h2:igual	g	225	6	7.5	0.801	-0.55	0.58	2.020	+1.93	0.340	-2.29	0
ayer_h6-hoy_h11:igual	g	225	6	7.5	0.803	-0.55	0.58	1.356	+0.70	1.191	+0.78	0
par_h5-h10:pm1	g	229	10	11.8	0.845	-0.55	0.58	0.164	-2.12	1.088	+0.44	0
ayer_h7-hoy_h1:igual	g	225	5	6.4	0.787	-0.54	0.59	1.256	+0.46	1.479	+1.69	0
AYER_ULT_8:rueda2	c	225	14	12.2	1.150	+0.54	0.59	0.840	-0.40	1.307	+1.04	0
AYER_ULT:decena	c	2700	562	573.3	0.980	-0.54	0.59	0.997	-0.05	1.000	+0.01	0
AYER_ULT:pano_d	c	2700	155	161.5	0.960	-0.54	0.59	0.981	-0.19	0.993	-0.14	0
par_h8-h10:igual	g	229	5	4.0	1.259	+0.52	0.6	2.172	+1.80	1.007	+0.02	0
par_h5-h8:ultdig	g	229	15	17.1	0.879	-0.52	0.6	0.991	-0.03	1.043	+0.26	0
AYER_ULT_8:columna	c	225	58	61.4	0.944	-0.52	0.6	0.837	-1.08	1.079	+0.71	0
par_h7-h11:ultdig	g	229	18	16.0	1.125	+0.52	0.6	1.327	+0.98	0.872	-0.78	0
L2:paridad	a	2290	972	984.0	0.988	-0.52	0.6	1.065	+1.97	0.974	-1.52	0
par_h5-h11:pm1	g	229	10	11.7	0.853	-0.52	0.6	0.990	-0.03	1.126	+0.63	0
par_h7-h9:ultdig	g	229	14	16.0	0.876	-0.52	0.61	1.087	+0.26	0.803	-1.22	0
L3:columna	a	2061	586	575.6	1.018	+0.52	0.61	1.078	+1.58	0.983	-0.70	0
par_h4-h7:pm1	g	229	10	11.7	0.855	-0.51	0.61	0.969	-0.08	0.903	-0.49	0
ayer_h9-hoy_h6:igual	g	225	8	6.7	1.194	+0.51	0.61	0.647	-0.63	1.323	+1.17	0
gap>=48	f	2748	674	685.3	0.983	-0.50	0.61	1.043	+0.95	0.990	-0.46	0
ayer_h1-hoy_h1:igual	g	225	5	6.2	0.801	-0.50	0.61	0.309	-1.26	1.128	+0.32	0
par_h5-h7:pm1	g	229	10	11.7	0.857	-0.50	0.62	0.793	-0.54	1.201	+1.02	0
ayer_h8-hoy_h10:igual	g	225	6	7.3	0.818	-0.50	0.62	0.274	-1.41	1.160	+0.64	0
ayer_h7-hoy_h5:igual	g	225	5	6.2	0.802	-0.50	0.62	1.739	+1.27	1.153	+0.56	0
par_h5-h9:ultdig	g	229	19	17.0	1.116	+0.50	0.62	1.344	+1.07	1.104	+0.64	0
par_h9-h11:ultdig	g	229	18	16.1	1.117	+0.49	0.62	0.850	-0.45	0.810	-1.14	0
RD1:comp36	d	2519	67	63.2	1.061	+0.49	0.62	1.100	+0.57	1.025	+0.29	0
par_h1-h3:pm1	g	229	13	11.4	1.140	+0.49	0.63	0.343	-1.63	1.084	+0.43	0
par_h9-h10:ultdig	g	229	18	16.1	1.116	+0.48	0.63	0.725	-0.82	1.041	+0.25	0
RD2:docena	d	2290	640	629.8	1.016	+0.48	0.63	0.976	-0.51	0.949	-2.18	0
L3:sumadig	a	2061	132	137.4	0.961	-0.48	0.63	1.113	+0.98	0.924	-1.29	0
par_h1-h2:ultdig	g	229	15	16.9	0.888	-0.48	0.63	0.732	-0.80	0.804	-1.21	0
L1:docena	a	2519	689	699.4	0.985	-0.47	0.64	0.971	-0.64	0.950	-2.20	0
par_h8-h11:pm1	g	229	13	11.5	1.134	+0.47	0.64	0.670	-0.83	0.920	-0.40	0
par_h8-h10:pm1	g	229	13	11.5	1.133	+0.47	0.64	1.005	+0.01	1.249	+1.25	0
AYER_ULT_8:docena	c	225	65	62.0	1.049	+0.46	0.64	0.952	-0.32	1.036	+0.32	0
RD1:pano_h	d	2519	88	83.9	1.049	+0.46	0.65	0.958	-0.28	1.008	+0.11	0
AYER_ULT_8:sumadig	c	225	13	14.7	0.885	-0.46	0.65	1.021	+0.06	0.962	-0.15	0
par_h6-h11:pm1	g	229	13	11.5	1.131	+0.46	0.65	1.384	+0.95	1.349	+1.75	0
L1:pano_v	b	2519	112	116.8	0.959	-0.45	0.65	0.863	-1.09	0.849	-2.35	0
z:dia-1	z	2442	60	63.5	0.945	-0.45	0.65	1.013	+0.08	0.874	-1.48	0
RD2:pano_v	d	2290	110	105.5	1.042	+0.45	0.65	0.932	-0.51	0.954	-0.70	0
L3:rueda2	b	2061	115	110.5	1.040	+0.44	0.66	0.839	-1.24	0.950	-0.76	0
par_h0-h3:ultdig	g	229	15	16.7	0.897	-0.44	0.66	0.713	-0.87	0.716	-1.16	0
RD2:menos1	d	2290	60	56.8	1.057	+0.43	0.66	0.927	-0.40	0.768	-2.57	0
ayer_h9-hoy_h1:igual	g	225	6	7.1	0.841	-0.43	0.67	1.246	+0.50	1.692	+2.41	0
par_h5-h11:ultdig	g	229	18	16.4	1.100	+0.42	0.67	0.928	-0.22	1.160	+0.97	0
ayer_h3-hoy_h8:igual	g	225	6	7.1	0.848	-0.41	0.68	0.288	-1.35	0.710	-1.22	0
ayer_h5-hoy_h11:igual	g	225	9	7.9	1.143	+0.41	0.68	0.272	-1.42	1.251	+1.05	0
par_h5-h10:igual	g	229	3	3.8	0.793	-0.41	0.68	0.000	-1.43	0.858	-0.44	0
L3:ultdig	a	2061	145	149.7	0.968	-0.40	0.69	0.854	-1.33	0.984	-0.29	0
AYER_ULT_8:color	c	225	93	95.9	0.970	-0.40	0.69	1.036	+0.34	1.000	+0.00	0
L3:pm1	a	2061	108	104.0	1.038	+0.40	0.69	1.107	+0.80	0.929	-1.04	0
L2:igual	a	2290	16	17.7	0.905	-0.40	0.69	1.344	+1.16	1.094	+0.62	0
par_h4-h8:ultdig	g	229	18	16.4	1.094	+0.40	0.69	1.184	+0.56	1.428	+2.64	0
ayer_h1-hoy_h11:igual	g	225	7	8.1	0.865	-0.39	0.69	1.151	+0.29	1.486	+2.07	0
par_h0-h5:ultdig	g	229	15	16.5	0.908	-0.39	0.7	0.366	-1.89	0.647	-1.45	0
ayer_h10-hoy_h9:igual	g	225	6	5.1	1.170	+0.39	0.7	1.803	+1.36	0.835	-0.61	0
L1:pano_d	b	2519	162	157.4	1.029	+0.38	0.7	1.009	+0.08	1.037	+0.68	0
L1:color	a	2519	1096	1086.7	1.009	+0.38	0.7	1.008	+0.24	1.040	+2.54	0
par_h3-h5:ultdig	g	229	15	16.5	0.911	-0.38	0.71	0.503	-1.46	0.840	-0.98	0
par_h0-h10:ultdig	g	229	18	16.5	1.088	+0.37	0.71	1.920	+2.76	0.844	-0.64	0
RD2:decena	d	2290	487	494.3	0.985	-0.37	0.71	1.002	+0.04	0.989	-0.40	0
par_h5-h10:ultdig	g	229	15	16.4	0.912	-0.37	0.71	1.613	+1.88	1.180	+1.09	0
ayer_h6-hoy_h1:igual	g	225	8	7.0	1.136	+0.37	0.71	0.803	-0.39	0.518	-1.66	0
ayer_h11-hoy_h7:igual	g	225	5	5.9	0.853	-0.36	0.72	1.771	+1.32	1.147	+0.52	0
ayer_h2-hoy_h11:igual	g	225	7	8.0	0.875	-0.36	0.72	1.522	+1.06	1.199	+0.85	0
par_h3-h7:ultdig	g	229	18	16.6	1.084	+0.36	0.72	0.855	-0.43	1.011	+0.06	0
par_h0-h10:pm1	g	229	10	11.2	0.897	-0.35	0.72	1.041	+0.10	1.327	+1.09	0
par_h0-h8:pm1	g	229	12	10.9	1.104	+0.35	0.72	1.170	+0.43	1.247	+0.82	0
par_h10-h11:pm1	g	229	13	11.8	1.099	+0.35	0.73	1.229	+0.56	0.951	-0.25	0
gap_rank1	f	2748	40	42.3	0.947	-0.35	0.73	1.284	+1.38	0.775	-2.62	0
par_h3-h6:pm1	g	229	13	11.8	1.098	+0.35	0.73	1.997	+2.41	1.140	+0.70	0
L3:pano_v	b	2061	99	95.7	1.034	+0.35	0.73	0.913	-0.62	1.080	+1.11	0
par_h3-h5:pm1	g	229	13	11.9	1.097	+0.34	0.73	1.453	+1.09	1.258	+1.30	0
par_h10-h11:igual	g	229	3	3.6	0.823	-0.34	0.73	1.024	+0.03	0.908	-0.26	0
L3:mas1	a	2061	55	52.6	1.045	+0.34	0.74	1.313	+1.64	0.976	-0.24	0
L1:pm2	a	2519	128	124.4	1.029	+0.33	0.74	0.991	-0.07	1.000	-0.01	0
RD2:sumadig	d	2290	145	148.8	0.974	-0.33	0.74	1.018	+0.16	0.983	-0.32	0
ayer_h1-hoy_h5:igual	g	225	6	6.8	0.878	-0.33	0.75	1.008	+0.01	1.225	+0.88	0
ayer_h7-hoy_h6:igual	g	225	4	4.7	0.855	-0.32	0.75	0.000	-1.55	1.171	+0.58	0
par_h6-h11:igual	g	229	5	4.4	1.147	+0.31	0.76	1.315	+0.48	0.822	-0.56	0
ayer_h0-hoy_h11:igual	g	225	7	7.8	0.892	-0.31	0.76	0.599	-0.74	0.817	-0.51	0
AYER_ULT_8:comp37	c	225	5	5.7	0.874	-0.31	0.76	1.050	+0.09	0.401	-1.36	0
ayer_h2-hoy_h3:igual	g	225	8	7.2	1.111	+0.30	0.76	0.544	-0.89	1.044	+0.14	0
par_h1-h4:ultdig	g	229	18	16.8	1.071	+0.30	0.76	0.852	-0.44	1.000	+0.00	0
ayer_h0-hoy_h3:igual	g	225	8	7.2	1.109	+0.30	0.77	1.497	+0.92	1.029	+0.07	0
par_h8-h11:ultdig	g	229	15	16.1	0.929	-0.30	0.77	0.828	-0.52	1.024	+0.14	0
L2:comp37	a	2290	56	58.2	0.962	-0.29	0.77	0.875	-0.69	1.012	+0.13	0
par_h4-h11:igual	g	229	5	4.4	1.137	+0.29	0.77	1.366	+0.55	1.409	+1.26	0
par_h3-h11:ultdig	g	229	15	16.1	0.931	-0.29	0.77	1.271	+0.79	0.647	-2.14	0
L1:pm1	a	2519	125	128.2	0.975	-0.29	0.77	0.843	-1.31	0.831	-2.77	0
par_h3-h10:ultdig	g	229	15	16.1	0.933	-0.28	0.78	0.881	-0.35	0.969	-0.19	0
L3:igual	a	2061	16	17.1	0.934	-0.27	0.78	1.827	+2.76	1.224	+1.50	0
ayer_h7-hoy_h4:igual	g	225	6	6.7	0.897	-0.27	0.79	1.351	+0.61	0.975	-0.09	0
par_h6-h10:ultdig	g	229	18	16.9	1.062	+0.27	0.79	1.328	+0.98	1.265	+1.61	0
L3:pano_any	b	2061	296	291.8	1.014	+0.27	0.79	0.954	-0.61	1.035	+0.91	0
ayer_h3-hoy_h10:igual	g	225	9	8.3	1.090	+0.26	0.79	0.773	-0.45	0.851	-0.64	0
L2:columna	a	2290	633	638.5	0.991	-0.26	0.79	1.004	+0.09	0.953	-1.98	0
RD1:pano_v	d	2519	114	116.7	0.977	-0.25	0.8	0.932	-0.54	1.000	+0.00	0
par_h7-h10:ultdig	g	229	15	16.0	0.940	-0.25	0.8	0.607	-1.17	0.962	-0.23	0
par_h1-h3:ultdig	g	229	16	17.0	0.942	-0.25	0.8	0.610	-1.16	0.945	-0.34	0
RD2:color	d	2290	970	975.8	0.994	-0.25	0.8	1.014	+0.43	1.011	+0.64	0
ayer_h10-hoy_h4:igual	g	225	5	5.6	0.898	-0.24	0.81	0.772	-0.37	0.898	-0.36	0
ayer_h0-hoy_h7:igual	g	225	8	7.4	1.088	+0.24	0.81	1.192	+0.36	1.733	+1.97	0
par_h0-h7:ultdig	g	229	16	17.0	0.943	-0.24	0.81	0.841	-0.48	0.577	-1.74	0
ayer_h11-hoy_h1:igual	g	225	9	8.3	1.083	+0.24	0.81	1.311	+0.62	1.149	+0.49	0
AYER_ULT_8:comp36	c	225	6	5.4	1.102	+0.24	0.81	0.000	-1.75	1.197	+0.45	0
par_h7-h10:pm1	g	229	11	11.8	0.932	-0.24	0.81	0.810	-0.49	0.907	-0.47	0
L1:comp36	a	2519	66	64.1	1.029	+0.24	0.81	0.959	-0.24	0.983	-0.19	0
AYER_ULT:comp37	c	2700	63	64.9	0.971	-0.24	0.81	1.042	+0.25	0.790	-2.50	0
par_h3-h4:pm1	g	229	11	11.8	0.934	-0.23	0.81	0.552	-1.07	0.545	-2.29	0
RD1:pm1	d	2519	123	125.5	0.980	-0.23	0.82	1.012	+0.10	0.950	-0.83	0
RD2:pano_h	d	2290	74	76.0	0.974	-0.23	0.82	0.845	-0.99	0.915	-1.09	0
L3:menos1	a	2061	53	51.4	1.031	+0.22	0.82	0.901	-0.52	0.881	-1.21	0
par_h5-h6:igual	g	229	1	0.8	1.250	+0.22	0.82	0.000	-0.74	1.188	+0.30	0
par_h0-h4:pm1	g	229	12	11.3	1.065	+0.22	0.82	0.865	-0.33	1.570	+1.93	0
AYER_ULT_8:pm2	c	225	12	11.3	1.062	+0.22	0.83	1.356	+0.89	0.477	-1.74	0
par_h3-h11:igual	g	229	5	4.5	1.100	+0.22	0.83	0.444	-0.84	0.959	-0.13	0
par_h1-h7:ultdig	g	229	18	17.2	1.049	+0.21	0.83	1.304	+0.92	0.805	-1.20	0
par_h3-h10:pm1	g	229	11	11.7	0.940	-0.21	0.83	1.255	+0.62	0.911	-0.44	0
par_h2-h11:pm1	g	229	12	11.3	1.060	+0.21	0.83	0.872	-0.31	1.268	+1.36	0
L1:rueda2	b	2519	137	134.6	1.017	+0.21	0.83	1.170	+1.45	1.002	+0.04	0
ayer_h3-hoy_h2:igual	g	225	5	5.5	0.914	-0.20	0.84	1.727	+1.25	1.490	+1.57	0
AYER_ULT:pano_h	c	2700	90	88.2	1.021	+0.20	0.84	0.811	-1.34	0.998	-0.03	0
par_h3-h11:pm1	g	229	11	11.7	0.943	-0.20	0.84	1.434	+1.05	1.043	+0.21	0
par_h2-h9:pm1	g	229	11	11.7	0.943	-0.20	0.84	0.853	-0.37	1.019	+0.10	0
ayer_h1-hoy_h0:igual	g	225	3	2.7	1.119	+0.20	0.84	0.807	-0.31	0.000	-1.58	0
AYER_MISMA:mitad	c	2700	1137	1141.9	0.996	-0.20	0.84	0.983	-0.54	1.005	+0.31	0
ayer_h3-hoy_h3:igual	g	225	6	5.5	1.081	+0.19	0.85	1.389	+0.67	1.190	+0.58	0
AYER_ULT:mitad	c	2700	1134	1129.2	1.004	+0.19	0.85	0.961	-1.27	0.996	-0.24	0
RD1:sumadig	d	2519	161	163.3	0.986	-0.19	0.85	0.999	-0.01	1.051	+0.98	0
ayer_h6-hoy_h9:igual	g	225	7	7.5	0.932	-0.19	0.85	1.492	+0.92	0.864	-0.56	0
ayer_h0-hoy_h5:igual	g	225	6	6.5	0.928	-0.19	0.85	0.320	-1.22	1.533	+1.39	0
par_h1-h11:pm1	g	229	12	11.4	1.052	+0.18	0.86	1.046	+0.11	0.968	-0.16	0
ayer_h4-hoy_h10:igual	g	225	7	7.5	0.936	-0.18	0.86	0.805	-0.38	0.786	-0.89	0
par_h9-h10:igual	g	229	3	3.3	0.906	-0.17	0.86	1.548	+0.77	1.240	+0.69	0
par_h1-h4:igual	g	229	1	1.2	0.846	-0.17	0.87	2.952	+1.98	1.242	+0.44	0
par_h7-h11:igual	g	229	4	4.3	0.920	-0.17	0.87	1.734	+1.13	1.284	+0.88	0
AYER_MISMA:docena	c	2700	734	737.8	0.995	-0.16	0.87	1.032	+0.75	0.974	-1.18	0
ayer_h1-hoy_h8:igual	g	225	9	8.5	1.054	+0.16	0.87	0.264	-1.46	1.393	+1.74	0
gap>=72	f	2748	361	363.8	0.992	-0.16	0.87	1.083	+1.21	0.980	-0.63	0
par_h4-h9:igual	g	229	2	1.8	1.115	+0.15	0.88	2.489	+1.64	0.582	-0.95	0
par_h5-h11:igual	g	229	4	4.3	0.927	-0.15	0.88	0.935	-0.10	0.743	-0.80	0
ayer_h3-hoy_h1:igual	g	225	7	7.4	0.946	-0.15	0.88	1.355	+0.69	0.890	-0.37	0
par_h0-h3:igual	g	229	1	1.2	0.865	-0.15	0.88	2.723	+1.48	2.450	+1.86	0
par_h0-h1:pm1	g	229	11	11.5	0.959	-0.14	0.89	0.504	-1.24	0.841	-0.53	0
par_h2-h6:ultdig	g	229	16	16.6	0.967	-0.14	0.89	0.921	-0.24	1.023	+0.14	0
RD2:rueda2	d	2290	122	120.5	1.012	+0.14	0.89	0.947	-0.42	1.023	+0.38	0
L2:pano_h	b	2290	78	76.8	1.015	+0.14	0.89	0.993	-0.05	1.094	+1.18	0
par_h6-h9:ultdig	g	229	18	17.5	1.031	+0.14	0.89	0.827	-0.53	1.020	+0.12	0
L1:paridad	a	2519	1083	1086.3	0.997	-0.14	0.89	1.013	+0.41	1.008	+0.52	0
AYER_ULT_8:pano_d	c	225	14	13.5	1.035	+0.13	0.89	0.689	-0.87	0.760	-0.91	0
par_h1-h5:igual	g	229	1	1.1	0.875	-0.13	0.89	0.875	-0.13	0.924	-0.14	0
ayer_h4-hoy_h11:igual	g	225	8	8.4	0.955	-0.13	0.89	1.944	+1.95	1.074	+0.31	0
par_h2-h4:ultdig	g	229	16	16.5	0.969	-0.13	0.89	0.347	-2.00	0.852	-0.91	0
AYER_ULT:comp36	c	2700	66	67.1	0.984	-0.13	0.89	1.063	+0.39	1.045	+0.53	0
RD2:paridad	d	2290	965	968.0	0.997	-0.13	0.9	1.027	+0.80	1.038	+2.33	0
AYER_MISMA:paridad	c	2700	1139	1142.3	0.997	-0.13	0.9	1.027	+0.88	1.000	-0.01	0
ayer_h5-hoy_h5:igual	g	225	5	5.3	0.946	-0.13	0.9	1.543	+0.88	0.920	-0.27	0
L2:mas1	a	2290	59	58.1	1.016	+0.13	0.9	1.172	+0.96	1.029	+0.31	0
AYER_ULT:paridad	c	2700	1127	1123.9	1.003	+0.12	0.9	1.013	+0.41	1.003	+0.19	0
AYER_MISMA:pano_any	c	2700	381	378.8	1.006	+0.12	0.9	1.004	+0.06	0.989	-0.34	0
par_h0-h5:igual	g	229	1	1.1	0.885	-0.12	0.9	1.858	+0.89	2.957	+2.56	0
ayer_h10-hoy_h2:igual	g	225	6	6.3	0.952	-0.12	0.9	1.353	+0.69	0.429	-1.98	0
par_h0-h11:ultdig	g	229	16	16.5	0.972	-0.12	0.9	1.089	+0.27	0.906	-0.38	0
AYER_ULT_8:paridad	c	225	95	94.1	1.009	+0.12	0.9	0.892	-1.02	0.971	-0.38	0
AYER_ULT_8:ultdig	c	225	16	15.5	1.029	+0.12	0.91	1.214	+0.64	0.586	-1.69	0
ayer_h4-hoy_h5:igual	g	225	7	6.7	1.044	+0.12	0.91	1.186	+0.35	1.313	+1.11	0
RD1:comp37	d	2519	62	62.9	0.986	-0.12	0.91	1.425	+2.42	1.093	+1.08	0
par_h1-h6:pm1	g	229	12	11.6	1.033	+0.11	0.91	0.837	-0.41	0.905	-0.48	0
ayer_h5-hoy_h10:igual	g	225	7	7.3	0.959	-0.11	0.91	1.758	+1.42	0.667	-1.38	0
par_h8-h9:pm1	g	229	12	11.6	1.032	+0.11	0.91	0.681	-0.80	0.700	-1.52	0
par_h2-h10:ultdig	g	229	16	16.4	0.974	-0.11	0.91	0.588	-1.25	1.055	+0.33	0
ayer_h2-hoy_h6:igual	g	225	6	6.3	0.958	-0.11	0.91	0.686	-0.54	0.783	-0.83	0
par_h3-h6:ultdig	g	229	17	16.6	1.025	+0.11	0.91	0.617	-1.14	1.124	+0.76	0
par_h2-h5:pm1	g	229	12	11.7	1.030	+0.10	0.92	0.870	-0.32	0.977	-0.12	0
trans_alta	e	2519	252	250.4	1.006	+0.10	0.92	1.021	+0.25	1.006	+0.14	0
par_h6-h10:pm1	g	229	11	11.3	0.970	-0.10	0.92	0.352	-1.59	0.929	-0.36	0
RD2:pm2	d	2290	112	111.0	1.009	+0.10	0.92	1.195	+1.50	1.110	+1.72	0
par_h5-h8:pm1	g	229	12	11.7	1.027	+0.10	0.92	1.277	+0.71	0.833	-0.84	0
L3:pano_h	b	2061	70	69.3	1.010	+0.09	0.93	1.026	+0.16	0.997	-0.04	0
RD2:mitad	d	2290	971	972.9	0.998	-0.08	0.93	1.001	+0.03	0.994	-0.39	0
par_h4-h9:ultdig	g	229	16	16.3	0.981	-0.08	0.94	1.199	+0.60	1.100	+0.62	0
ayer_h2-hoy_h5:igual	g	225	7	6.8	1.029	+0.08	0.94	0.651	-0.62	1.133	+0.51	0
par_h3-h6:igual	g	229	1	0.9	1.078	+0.08	0.94	0.000	-0.78	0.981	-0.03	0
ayer_h4-hoy_h7:igual	g	225	6	6.2	0.971	-0.07	0.94	0.960	-0.07	0.894	-0.39	0
AYER_ULT:color	c	2700	1132	1133.8	0.998	-0.07	0.94	0.996	-0.12	0.997	-0.17	0
ayer_h11-hoy_h2:igual	g	225	7	7.2	0.976	-0.06	0.95	1.898	+1.76	1.103	+0.36	0
par_h4-h9:pm1	g	229	12	11.8	1.018	+0.06	0.95	1.677	+1.70	0.970	-0.15	0
AYER_ULT:docena	c	2700	725	726.4	0.998	-0.06	0.95	0.893	-2.48	0.979	-0.96	0
L2:pm2	a	2290	113	112.4	1.006	+0.06	0.95	1.349	+2.71	1.134	+2.04	0
L2:color	a	2290	984	985.4	0.999	-0.06	0.95	1.043	+1.31	1.017	+1.00	0
ayer_h10-hoy_h5:igual	g	225	6	6.1	0.976	-0.06	0.95	0.996	-0.01	0.845	-0.57	0
ayer_h3-hoy_h5:igual	g	225	7	7.2	0.978	-0.06	0.95	0.302	-1.29	1.142	+0.54	0
AYER_ULT:pm1	c	2700	134	134.6	0.995	-0.06	0.96	0.830	-1.46	0.942	-0.98	0
par_h1-h8:pm1	g	229	12	11.8	1.016	+0.06	0.96	1.793	+2.03	1.033	+0.17	0
ayer_h8-hoy_h5:igual	g	225	7	7.1	0.980	-0.06	0.96	0.000	-1.80	0.891	-0.41	0
ayer_h7-hoy_h8:igual	g	225	7	7.1	0.980	-0.06	0.96	0.921	-0.15	0.877	-0.46	0
par_h7-h8:igual	g	229	1	0.9	1.055	+0.05	0.96	0.000	-0.74	0.576	-0.79	0
ayer_h5-hoy_h4:igual	g	225	5	5.1	0.978	-0.05	0.96	1.162	+0.26	1.063	+0.21	0
RD2:ultdig	d	2290	160	159.5	1.003	+0.04	0.96	1.186	+1.77	1.046	+0.87	0
RD2:comp37	d	2290	57	57.3	0.995	-0.04	0.97	1.091	+0.49	0.916	-0.93	0
ayer_h9-hoy_h3:igual	g	225	6	5.9	1.016	+0.04	0.97	0.000	-1.75	1.021	+0.07	0
par_h4-h5:igual	g	229	1	1.0	0.967	-0.03	0.97	0.944	-0.06	0.675	-0.56	0
par_h2-h3:igual	g	229	1	1.0	1.031	+0.03	0.98	0.000	-0.81	0.000	-1.67	0
L2:rueda2	b	2290	123	122.7	1.003	+0.03	0.98	0.999	-0.01	0.988	-0.20	0
ayer_h8-hoy_h6:igual	g	225	6	6.1	0.989	-0.03	0.98	0.985	-0.03	1.429	+1.55	0
par_h9-h10:pm1	g	229	11	11.1	0.993	-0.02	0.98	0.168	-2.08	0.978	-0.11	0
ayer_h2-hoy_h1:igual	g	225	6	5.9	1.009	+0.02	0.98	1.590	+1.06	1.305	+0.97	0
L1:pano_any	b	2519	359	359.3	0.999	-0.02	0.99	0.904	-1.41	0.931	-1.99	0
L3:pano_d	b	2061	127	126.8	1.001	+0.02	0.99	0.945	-0.46	1.022	+0.36	0
par_h0-h8:ultdig	g	229	17	16.9	1.003	+0.01	0.99	0.592	-1.24	1.143	+0.59	0
ayer_h1-hoy_h7:igual	g	225	7	7.0	1.005	+0.01	0.99	1.494	+0.92	0.650	-1.40	0
par_h3-h4:igual	g	229	1	1.0	1.012	+0.01	0.99	2.243	+1.18	0.000	-1.65	0
L1:pano_h	b	2519	85	85.1	0.999	-0.01	0.99	0.771	-1.53	0.852	-1.97	0
RD2:comp36	d	2290	57	57.1	0.999	-0.01	0.99	1.245	+1.34	1.071	+0.79	0
AYER_MISMA:rueda2	c	2700	142	142.0	1.000	+0.00	1	0.933	-0.59	0.962	-0.65	0
par_h7-h10:igual	g	229	4	4.0	1.001	+0.00	1	2.199	+1.83	1.493	+1.58	0
