fecha,hora,codigo
2026-09-16,0,12
2026-09-16,1,14
2026-09-16,2,30
2026-09-16,3,31
2026-09-16,4,6
2026-09-16,5,11
2026-09-16,6,20
2026-09-16,7,9
2026-09-16,8,1
2026-09-16,9,17
2026-09-16,10,35
2026-09-16,11,2
2026-09-17,0,15
2026-09-17,1,1
2026-09-17,2,27
2026-09-17,3,30
2026-09-17,4,36
2026-09-17,5,35
2026-09-17,6,12
2026-09-17,7,26
2026-09-17,8,31
2026-09-17,9,2
2026-09-17,10,27
2026-09-17,11,20
2026-09-18,0,29
2026-09-18,1,35
2026-09-18,2,6
2026-09-18,3,36
2026-09-18,4,9
2026-09-18,5,2
2026-09-18,6,10
2026-09-18,7,21
2026-09-18,8,26
2026-09-18,9,0
2026-09-18,10,00
2026-09-18,11,32
2026-09-19,0,28
2026-09-19,1,21
2026-09-19,2,13
2026-09-19,3,33
2026-09-19,4,27
2026-09-19,5,14
2026-09-19,6,29
2026-09-19,7,23
2026-09-19,8,36
2026-09-19,9,31
2026-09-19,10,1
2026-09-19,11,12
2026-09-20,0,1
2026-09-20,1,8
2026-09-20,2,00
2026-09-20,3,13
2026-09-20,4,20
2026-09-20,5,14
2026-09-20,6,5
2026-09-20,7,26
2026-09-20,8,12
2026-09-20,9,4
2026-09-20,10,25
2026-09-20,11,32
2026-09-21,0,33
2026-09-21,1,35
2026-09-21,2,19
2026-09-21,3,30
2026-09-21,4,0
2026-09-21,5,2
2026-09-21,6,24
2026-09-21,7,5
2026-09-21,8,31
2026-09-21,9,8
2026-09-21,10,32
2026-09-21,11,2
2026-09-22,0,12
2026-09-22,1,11
2026-09-22,2,21
2026-09-22,3,3
2026-09-22,4,33
2026-09-22,5,22
2026-09-22,6,0
2026-09-22,7,7
2026-09-22,8,29
2026-09-22,9,13
2026-09-22,10,19
2026-09-22,11,28
2026-09-23,0,17
2026-09-23,1,33
2026-09-23,2,14
2026-09-23,3,31
2026-09-23,4,30
2026-09-23,5,10
2026-09-23,6,28
2026-09-23,7,23
2026-09-23,8,13
2026-09-23,9,0
2026-09-23,10,22
2026-09-23,11,6
2026-09-24,0,21
2026-09-24,1,7
2026-09-24,2,36
2026-09-24,3,34
2026-09-24,4,24
2026-09-24,5,16
2026-09-24,6,32
2026-09-24,7,30
2026-09-24,8,17
2026-09-24,9,27
2026-09-24,10,11
2026-09-24,11,26
2026-09-25,0,28
2026-09-25,1,5
2026-09-25,2,12
2026-09-25,3,36
2026-09-25,4,19
2026-09-25,5,00
2026-09-25,6,23
2026-09-25,7,15
2026-09-25,8,14
2026-09-25,9,3
2026-09-25,10,27
2026-09-25,11,15
2026-09-26,0,0
2026-09-26,1,32
2026-09-26,2,18
2026-09-26,3,3
2026-09-26,4,36
2026-09-26,5,24
2026-09-26,6,27
2026-09-26,7,29
2026-09-26,8,10
2026-09-26,9,00
2026-09-26,10,33
2026-09-26,11,10
2026-09-27,0,11
2026-09-27,1,13
2026-09-27,2,32
2026-09-27,3,26
2026-09-27,4,22
2026-09-27,5,9
2026-09-27,6,3
2026-09-27,7,23
2026-09-27,8,29
2026-09-27,9,00
2026-09-27,10,19
2026-09-27,11,14
2026-09-28,0,34
2026-09-28,1,16
2026-09-28,2,6
2026-09-28,3,23
2026-09-28,4,17
2026-09-28,5,7
2026-09-28,6,27
2026-09-28,7,12
2026-09-28,8,20
2026-09-28,9,25
2026-09-28,10,14
2026-09-28,11,10
2026-09-29,0,19
2026-09-29,1,21
2026-09-29,2,33
2026-09-29,3,31
2026-09-29,4,35
2026-09-29,5,13
2026-09-29,6,2
2026-09-29,7,34
2026-09-29,8,3
2026-09-29,9,16
2026-09-29,10,11
2026-09-29,11,6
2026-09-30,0,8
2026-09-30,1,32
2026-09-30,2,11
2026-09-30,3,31
2026-09-30,4,30
2026-09-30,5,2
2026-09-30,6,34
2026-09-30,7,28
2026-09-30,8,18
2026-09-30,9,26
2026-09-30,10,13
2026-09-30,11,9
2026-10-01,0,16
2026-10-01,1,2
2026-10-01,2,26
2026-10-01,3,28
2026-10-01,4,19
2026-10-01,5,25
2026-10-01,6,17
2026-10-01,7,11
2026-10-01,8,26
2026-10-01,9,23
2026-10-01,10,00
2026-10-01,11,24
2026-10-02,0,10
2026-10-02,1,32
2026-10-02,2,22
2026-10-02,3,20
2026-10-02,4,00
2026-10-02,5,18
2026-10-02,6,16
2026-10-02,7,28
2026-10-02,8,3
2026-10-02,9,9
2026-10-02,10,8
2026-10-02,11,32
2026-10-03,0,6
2026-10-03,1,26
2026-10-03,2,22
2026-10-03,3,24
2026-10-03,4,19
2026-10-03,5,11
2026-10-03,6,29
2026-10-03,7,32
2026-10-03,8,4
2026-10-03,9,15
2026-10-03,10,18
2026-10-03,11,34
2026-10-04,0,26
2026-10-04,1,10
2026-10-04,2,7
2026-10-04,3,33
2026-10-04,4,12
2026-10-04,5,25
2026-10-04,6,11
2026-10-04,7,29
2026-10-04,8,35
2026-10-04,9,32
2026-10-04,10,29
2026-10-04,11,0
2026-10-05,0,21
2026-10-05,1,17
2026-10-05,2,35
2026-10-05,3,3
2026-10-05,4,20
2026-10-05,5,15
2026-10-05,6,16
2026-10-05,7,9
2026-10-05,8,10
2026-10-05,9,24
2026-10-05,10,28
2026-10-05,11,3
2026-10-06,0,6
2026-10-06,1,20
2026-10-06,2,19
2026-10-06,3,8
2026-10-06,4,15
2026-10-06,5,17
2026-10-06,6,7
2026-10-06,7,10
2026-10-06,8,33
2026-10-06,9,00
2026-10-06,10,11
2026-10-06,11,12
2026-10-07,0,27
2026-10-07,1,22
2026-10-07,2,33
2026-10-07,3,12
2026-10-07,4,18
