fecha,hora,n_sorteo_dia,numero,animal,n_tablero,fuente
2026-04-13,08:00,0,36,Culebra,37,LH+TZ
2026-04-13,09:00,1,7,Perico,37,LH+TZ
2026-04-13,10:00,2,0,Ballena,37,LH+TZ
2026-04-13,11:00,3,28,Zamuro,37,LH+TZ
2026-04-13,12:00,4,12,Caballo,37,LH+TZ
2026-04-13,13:00,5,4,Alacrán,37,LH+TZ
2026-04-13,14:00,6,22,Camello,37,LH+TZ
2026-04-13,15:00,7,10,Tigre,37,LH+TZ
2026-04-13,16:00,8,19,Chivo,37,LH+TZ
2026-04-13,17:00,9,6,Rana,37,LH+TZ
2026-04-13,18:00,10,1,Carnero,37,LH+TZ
2026-04-13,19:00,11,25,Gallina,37,LH+TZ
2026-04-14,08:00,0,23,Cebra,37,LH+TZ
2026-04-14,09:00,1,35,Jirafa,37,LH+TZ
2026-04-14,10:00,2,20,Cochino,37,LH+TZ
2026-04-14,11:00,3,29,Elefante,37,LH+TZ
2026-04-14,12:00,4,12,Caballo,37,LH+TZ
2026-04-14,13:00,5,30,Caimán,37,LH+TZ
2026-04-14,14:00,6,8,Ratón,37,LH+TZ
2026-04-14,15:00,7,33,Pescado,37,LH+TZ
2026-04-14,16:00,8,31,Lapa,37,LH+TZ
2026-04-14,17:00,9,2,Toro,37,LH+TZ
2026-04-14,18:00,10,24,Iguana,37,LH+TZ
2026-04-14,19:00,11,5,León,37,LH+TZ
2026-04-15,08:00,0,36,Culebra,37,LH+TZ
2026-04-15,09:00,1,11,Gato,37,LH+TZ
2026-04-15,10:00,2,5,León,37,LH+TZ
2026-04-15,11:00,3,9,Águila,37,LH+TZ
2026-04-15,12:00,4,20,Cochino,37,LH+TZ
2026-04-15,13:00,5,9,Águila,37,LH+TZ
2026-04-15,14:00,6,4,Alacrán,37,LH+TZ
2026-04-15,15:00,7,32,Ardilla,37,LH+TZ
2026-04-15,16:00,8,19,Chivo,37,LH+TZ
2026-04-15,17:00,9,28,Zamuro,37,LH+TZ
2026-04-15,18:00,10,0,Ballena,37,LH+TZ
2026-04-15,19:00,11,29,Elefante,37,LH+TZ
2026-04-16,08:00,0,2,Toro,37,LH+TZ
2026-04-16,09:00,1,32,Ardilla,37,LH+TZ
2026-04-16,10:00,2,17,Pavo,37,LH+TZ
2026-04-16,11:00,3,22,Camello,37,LH+TZ
2026-04-16,12:00,4,12,Caballo,37,LH+TZ
2026-04-16,13:00,5,24,Iguana,37,LH+TZ
2026-04-16,14:00,6,36,Culebra,37,LH+TZ
2026-04-16,15:00,7,14,Paloma,37,LH+TZ
2026-04-16,16:00,8,5,León,37,LH+TZ
2026-04-16,17:00,9,32,Ardilla,37,LH+TZ
2026-04-16,18:00,10,19,Chivo,37,LH+TZ
2026-04-16,19:00,11,0,Ballena,37,LH+TZ
2026-04-17,08:00,0,10,Tigre,37,LH+TZ
2026-04-17,09:00,1,27,Perro,37,LH+TZ
2026-04-17,10:00,2,27,Perro,37,LH+TZ
2026-04-17,11:00,3,3,Ciempiés,37,LH+TZ
2026-04-17,12:00,4,1,Carnero,37,LH+TZ
2026-04-17,13:00,5,12,Caballo,37,LH+TZ
2026-04-17,14:00,6,32,Ardilla,37,LH+TZ
2026-04-17,15:00,7,18,Burro,37,LH+TZ
2026-04-17,16:00,8,30,Caimán,37,LH+TZ
2026-04-17,17:00,9,16,Oso,37,LH+TZ
2026-04-17,18:00,10,10,Tigre,37,LH+TZ
2026-04-17,19:00,11,34,Venado,37,LH+TZ
2026-04-18,08:00,0,35,Jirafa,37,LH+TZ
2026-04-18,09:00,1,2,Toro,37,LH+TZ
2026-04-18,10:00,2,8,Ratón,37,LH+TZ
2026-04-18,11:00,3,16,Oso,37,LH+TZ
2026-04-18,12:00,4,0,Ballena,37,LH+TZ
2026-04-18,13:00,5,18,Burro,37,LH+TZ
2026-04-18,14:00,6,27,Perro,37,LH+TZ
2026-04-18,15:00,7,8,Ratón,37,LH+TZ
2026-04-18,16:00,8,31,Lapa,37,LH+TZ
2026-04-18,17:00,9,36,Culebra,37,LH+TZ
2026-04-18,18:00,10,29,Elefante,37,LH+TZ
2026-04-18,19:00,11,18,Burro,37,LH+TZ
2026-04-19,08:00,0,21,Gallo,37,LH+TZ
2026-04-19,09:00,1,32,Ardilla,37,LH+TZ
2026-04-19,10:00,2,3,Ciempiés,37,LH+TZ
2026-04-19,11:00,3,0,Ballena,37,LH+TZ
2026-04-19,12:00,4,27,Perro,37,LH+TZ
2026-04-19,13:00,5,26,Vaca,37,LH+TZ
2026-04-19,14:00,6,7,Perico,37,LH+TZ
2026-04-19,15:00,7,3,Ciempiés,37,LH+TZ
2026-04-19,16:00,8,36,Culebra,37,LH+TZ
2026-04-19,17:00,9,20,Cochino,37,LH+TZ
2026-04-19,18:00,10,0,Ballena,37,LH+TZ
2026-04-19,19:00,11,21,Gallo,37,LH+TZ
2026-04-20,08:00,0,14,Paloma,37,LH+TZ
2026-04-20,09:00,1,33,Pescado,37,LH+TZ
2026-04-20,10:00,2,18,Burro,37,LH+TZ
2026-04-20,11:00,3,29,Elefante,37,LH+TZ
2026-04-20,12:00,4,16,Oso,37,LH+TZ
2026-04-20,13:00,5,12,Caballo,37,LH+TZ
2026-04-20,14:00,6,26,Vaca,37,LH+TZ
2026-04-20,15:00,7,15,Zorro,37,LH+TZ
2026-04-20,16:00,8,35,Jirafa,37,LH+TZ
2026-04-20,17:00,9,36,Culebra,37,LH+TZ
2026-04-20,18:00,10,12,Caballo,37,LH+TZ
2026-04-20,19:00,11,17,Pavo,37,LH+TZ
2026-04-21,08:00,0,24,Iguana,37,LH+TZ
2026-04-21,09:00,1,0,Ballena,37,LH+TZ
2026-04-21,10:00,2,23,Cebra,37,LH+TZ
2026-04-21,11:00,3,2,Toro,37,LH+TZ
2026-04-21,12:00,4,23,Cebra,37,LH+TZ
2026-04-21,13:00,5,28,Zamuro,37,LH+TZ
2026-04-21,14:00,6,34,Venado,37,LH+TZ
2026-04-21,15:00,7,11,Gato,37,LH+TZ
2026-04-21,16:00,8,19,Chivo,37,LH+TZ
2026-04-21,17:00,9,27,Perro,37,LH+TZ
2026-04-21,18:00,10,14,Paloma,37,LH+TZ
2026-04-21,19:00,11,32,Ardilla,37,LH+TZ
2026-04-22,08:00,0,19,Chivo,37,LH+TZ
2026-04-22,09:00,1,33,Pescado,37,LH+TZ
2026-04-22,10:00,2,25,Gallina,37,LH+TZ
2026-04-22,11:00,3,14,Paloma,37,LH+TZ
2026-04-22,12:00,4,23,Cebra,37,LH+TZ
2026-04-22,13:00,5,22,Camello,37,LH+TZ
2026-04-22,14:00,6,9,Águila,37,LH+TZ
2026-04-22,15:00,7,22,Camello,37,LH+TZ
2026-04-22,16:00,8,8,Ratón,37,LH+TZ
2026-04-22,17:00,9,30,Caimán,37,LH+TZ
2026-04-22,18:00,10,3,Ciempiés,37,LH+TZ
2026-04-22,19:00,11,32,Ardilla,37,LH+TZ
2026-04-23,08:00,0,18,Burro,37,LH+TZ
2026-04-23,09:00,1,24,Iguana,37,LH+TZ
2026-04-23,10:00,2,15,Zorro,37,LH+TZ
2026-04-23,11:00,3,4,Alacrán,37,LH+TZ
2026-04-23,12:00,4,7,Perico,37,LH+TZ
2026-04-23,13:00,5,10,Tigre,37,LH+TZ
2026-04-23,14:00,6,0,Ballena,37,LH+TZ
2026-04-23,15:00,7,15,Zorro,37,LH+TZ
2026-04-23,16:00,8,8,Ratón,37,LH+TZ
2026-04-23,17:00,9,16,Oso,37,LH+TZ
2026-04-23,18:00,10,20,Cochino,37,LH+TZ
2026-04-23,19:00,11,29,Elefante,37,LH+TZ
2026-04-24,08:00,0,27,Perro,37,LH+TZ
2026-04-24,09:00,1,16,Oso,37,LH+TZ
2026-04-24,10:00,2,34,Venado,37,LH+TZ
2026-04-24,11:00,3,4,Alacrán,37,LH+TZ
2026-04-24,12:00,4,7,Perico,37,LH+TZ
2026-04-24,13:00,5,35,Jirafa,37,LH+TZ
2026-04-24,14:00,6,6,Rana,37,LH+TZ
2026-04-24,15:00,7,12,Caballo,37,LH+TZ
2026-04-24,16:00,8,3,Ciempiés,37,LH+TZ
2026-04-24,17:00,9,12,Caballo,37,LH+TZ
2026-04-24,18:00,10,8,Ratón,37,LH+TZ
2026-04-24,19:00,11,14,Paloma,37,LH+TZ
2026-04-25,08:00,0,0,Ballena,37,LH+TZ
2026-04-25,09:00,1,25,Gallina,37,LH+TZ
2026-04-25,10:00,2,2,Toro,37,LH+TZ
2026-04-25,11:00,3,18,Burro,37,LH+TZ
2026-04-25,12:00,4,3,Ciempiés,37,LH+TZ
2026-04-25,13:00,5,6,Rana,37,LH+TZ
2026-04-25,14:00,6,17,Pavo,37,LH+TZ
2026-04-25,15:00,7,33,Pescado,37,LH+TZ
2026-04-25,16:00,8,3,Ciempiés,37,LH+TZ
2026-04-25,17:00,9,26,Vaca,37,LH+TZ
2026-04-25,18:00,10,16,Oso,37,LH+TZ
2026-04-25,19:00,11,7,Perico,37,LH+TZ
2026-04-26,08:00,0,32,Ardilla,37,LH+TZ
2026-04-26,09:00,1,32,Ardilla,37,LH+TZ
2026-04-26,10:00,2,15,Zorro,37,LH+TZ
2026-04-26,11:00,3,35,Jirafa,37,LH+TZ
2026-04-26,12:00,4,5,León,37,LH+TZ
2026-04-26,13:00,5,22,Camello,37,LH+TZ
2026-04-26,14:00,6,1,Carnero,37,LH+TZ
2026-04-26,15:00,7,2,Toro,37,LH+TZ
2026-04-26,16:00,8,11,Gato,37,LH+TZ
2026-04-26,17:00,9,34,Venado,37,LH+TZ
2026-04-26,18:00,10,15,Zorro,37,LH+TZ
2026-04-26,19:00,11,27,Perro,37,LH+TZ
2026-04-27,08:00,0,31,Lapa,37,LH+TZ
2026-04-27,09:00,1,6,Rana,37,LH+TZ
2026-04-27,10:00,2,0,Ballena,37,LH+TZ
2026-04-27,11:00,3,13,Mono,37,LH+TZ
2026-04-27,12:00,4,3,Ciempiés,37,LH+TZ
2026-04-27,13:00,5,0,Ballena,37,LH+TZ
2026-04-27,14:00,6,26,Vaca,37,LH+TZ
2026-04-27,15:00,7,29,Elefante,37,LH+TZ
2026-04-27,16:00,8,4,Alacrán,37,LH+TZ
2026-04-27,17:00,9,26,Vaca,37,LH+TZ
2026-04-27,18:00,10,24,Iguana,37,LH+TZ
2026-04-27,19:00,11,33,Pescado,37,LH+TZ
2026-04-28,08:00,0,7,Perico,37,LH+TZ
2026-04-28,09:00,1,34,Venado,37,LH+TZ
2026-04-28,10:00,2,31,Lapa,37,LH+TZ
2026-04-28,11:00,3,25,Gallina,37,LH+TZ
2026-04-28,12:00,4,11,Gato,37,LH+TZ
2026-04-28,13:00,5,23,Cebra,37,LH+TZ
2026-04-28,14:00,6,0,Ballena,37,LH+TZ
2026-04-28,15:00,7,18,Burro,37,LH+TZ
2026-04-28,16:00,8,10,Tigre,37,LH+TZ
2026-04-28,17:00,9,36,Culebra,37,LH+TZ
2026-04-28,18:00,10,33,Pescado,37,LH+TZ
2026-04-28,19:00,11,26,Vaca,37,LH+TZ
2026-04-29,08:00,0,6,Rana,37,LH+TZ
2026-04-29,09:00,1,10,Tigre,37,LH+TZ
2026-04-29,10:00,2,24,Iguana,37,LH+TZ
2026-04-29,11:00,3,7,Perico,37,LH+TZ
2026-04-29,12:00,4,23,Cebra,37,LH+TZ
2026-04-29,13:00,5,20,Cochino,37,LH+TZ
2026-04-29,14:00,6,4,Alacrán,37,LH+TZ
2026-04-29,15:00,7,20,Cochino,37,LH+TZ
2026-04-29,16:00,8,31,Lapa,37,LH+TZ
2026-04-29,17:00,9,0,Ballena,37,LH+TZ
2026-04-29,18:00,10,7,Perico,37,LH+TZ
2026-04-29,19:00,11,3,Ciempiés,37,LH+TZ
2026-04-30,08:00,0,27,Perro,37,LH+TZ
2026-04-30,09:00,1,21,Gallo,37,LH+TZ
2026-04-30,10:00,2,29,Elefante,37,LH+TZ
2026-04-30,11:00,3,18,Burro,37,LH+TZ
2026-04-30,12:00,4,34,Venado,37,LH+TZ
2026-04-30,13:00,5,0,Ballena,37,LH+TZ
2026-04-30,14:00,6,16,Oso,37,LH+TZ
2026-04-30,15:00,7,24,Iguana,37,LH+TZ
2026-04-30,16:00,8,34,Venado,37,LH+TZ
2026-04-30,17:00,9,6,Rana,37,LH+TZ
2026-04-30,18:00,10,2,Toro,37,LH+TZ
2026-04-30,19:00,11,12,Caballo,37,LH+TZ
2026-05-01,08:00,0,33,Pescado,37,LH+TZ
2026-05-01,09:00,1,36,Culebra,37,LH+TZ
2026-05-01,10:00,2,14,Paloma,37,LH+TZ
2026-05-01,11:00,3,12,Caballo,37,LH+TZ
2026-05-01,12:00,4,8,Ratón,37,LH+TZ
2026-05-01,13:00,5,3,Ciempiés,37,LH+TZ
2026-05-01,14:00,6,29,Elefante,37,LH+TZ
2026-05-01,15:00,7,36,Culebra,37,LH+TZ
2026-05-01,16:00,8,17,Pavo,37,LH+TZ
2026-05-01,17:00,9,20,Cochino,37,LH+TZ
2026-05-01,18:00,10,8,Ratón,37,LH+TZ
2026-05-01,19:00,11,28,Zamuro,37,LH+TZ
2026-05-02,08:00,0,30,Caimán,37,LH+TZ
2026-05-02,09:00,1,6,Rana,37,LH+TZ
2026-05-02,10:00,2,32,Ardilla,37,LH+TZ
2026-05-02,11:00,3,0,Ballena,37,LH+TZ
2026-05-02,12:00,4,26,Vaca,37,LH+TZ
2026-05-02,13:00,5,34,Venado,37,LH+TZ
2026-05-02,14:00,6,20,Cochino,37,LH+TZ
2026-05-02,15:00,7,19,Chivo,37,LH+TZ
2026-05-02,16:00,8,18,Burro,37,LH+TZ
2026-05-02,17:00,9,33,Pescado,37,LH+TZ
2026-05-02,18:00,10,13,Mono,37,LH+TZ
2026-05-02,19:00,11,20,Cochino,37,LH+TZ
2026-05-03,08:00,0,8,Ratón,37,LH+TZ
2026-05-03,09:00,1,1,Carnero,37,LH+TZ
2026-05-03,10:00,2,13,Mono,37,LH+TZ
2026-05-03,11:00,3,12,Caballo,37,LH+TZ
2026-05-03,12:00,4,10,Tigre,37,LH+TZ
2026-05-03,13:00,5,26,Vaca,37,LH+TZ
2026-05-03,14:00,6,22,Camello,37,LH+TZ
2026-05-03,15:00,7,0,Ballena,37,LH+TZ
2026-05-03,16:00,8,27,Perro,37,LH+TZ
2026-05-03,17:00,9,17,Pavo,37,LH+TZ
2026-05-03,18:00,10,0,Ballena,37,LH+TZ
2026-05-03,19:00,11,29,Elefante,37,LH+TZ
2026-05-04,08:00,0,24,Iguana,37,LH+TZ
2026-05-04,09:00,1,14,Paloma,37,LH+TZ
2026-05-04,10:00,2,33,Pescado,37,LH+TZ
2026-05-04,11:00,3,34,Venado,37,LH+TZ
2026-05-04,12:00,4,19,Chivo,37,LH+TZ
2026-05-04,13:00,5,6,Rana,37,LH+TZ
2026-05-04,14:00,6,0,Ballena,37,LH+TZ
2026-05-04,15:00,7,8,Ratón,37,LH+TZ
2026-05-04,16:00,8,31,Lapa,37,LH+TZ
2026-05-04,17:00,9,23,Cebra,37,LH+TZ
2026-05-04,18:00,10,19,Chivo,37,LH+TZ
2026-05-04,19:00,11,27,Perro,37,LH+TZ
2026-05-05,08:00,0,23,Cebra,37,LH+TZ
2026-05-05,09:00,1,30,Caimán,37,LH+TZ
2026-05-05,10:00,2,26,Vaca,37,LH+TZ
2026-05-05,11:00,3,13,Mono,37,LH+TZ
2026-05-05,12:00,4,25,Gallina,37,LH+TZ
2026-05-05,13:00,5,11,Gato,37,LH+TZ
2026-05-05,14:00,6,35,Jirafa,37,LH+TZ
2026-05-05,15:00,7,18,Burro,37,LH+TZ
2026-05-05,16:00,8,25,Gallina,37,LH+TZ
2026-05-05,17:00,9,13,Mono,37,LH+TZ
2026-05-05,18:00,10,15,Zorro,37,LH+TZ
2026-05-05,19:00,11,27,Perro,37,LH+TZ
2026-05-06,08:00,0,16,Oso,37,LH+TZ
2026-05-06,09:00,1,28,Zamuro,37,LH+TZ
2026-05-06,10:00,2,18,Burro,37,LH+TZ
2026-05-06,11:00,3,7,Perico,37,LH+TZ
2026-05-06,12:00,4,0,Ballena,37,LH+TZ
2026-05-06,13:00,5,22,Camello,37,LH+TZ
2026-05-06,14:00,6,25,Gallina,37,LH+TZ
2026-05-06,15:00,7,5,León,37,LH+TZ
2026-05-06,16:00,8,1,Carnero,37,LH+TZ
2026-05-06,17:00,9,12,Caballo,37,LH+TZ
2026-05-06,18:00,10,29,Elefante,37,LH+TZ
2026-05-06,19:00,11,6,Rana,37,LH+TZ
2026-05-07,08:00,0,19,Chivo,37,LH+TZ
2026-05-07,09:00,1,5,León,37,LH+TZ
2026-05-07,10:00,2,28,Zamuro,37,LH+TZ
2026-05-07,11:00,3,27,Perro,37,LH+TZ
2026-05-07,12:00,4,35,Jirafa,37,LH+TZ
2026-05-07,13:00,5,20,Cochino,37,LH+TZ
2026-05-07,14:00,6,33,Pescado,37,LH+TZ
2026-05-07,15:00,7,0,Ballena,37,LH+TZ
2026-05-07,16:00,8,6,Rana,37,LH+TZ
2026-05-07,17:00,9,33,Pescado,37,LH+TZ
2026-05-07,18:00,10,15,Zorro,37,LH+TZ
2026-05-07,19:00,11,2,Toro,37,LH+TZ
2026-05-08,08:00,0,4,Alacrán,37,LH+TZ
2026-05-08,09:00,1,32,Ardilla,37,LH+TZ
2026-05-08,10:00,2,18,Burro,37,LH+TZ
2026-05-08,11:00,3,26,Vaca,37,LH+TZ
2026-05-08,12:00,4,6,Rana,37,LH+TZ
2026-05-08,13:00,5,22,Camello,37,LH+TZ
2026-05-08,14:00,6,26,Vaca,37,LH+TZ
2026-05-08,15:00,7,15,Zorro,37,LH+TZ
2026-05-08,16:00,8,13,Mono,37,LH+TZ
2026-05-08,17:00,9,9,Águila,37,LH+TZ
2026-05-08,18:00,10,33,Pescado,37,LH+TZ
2026-05-08,19:00,11,13,Mono,37,LH+TZ
2026-05-09,08:00,0,15,Zorro,37,LH+TZ
2026-05-09,09:00,1,32,Ardilla,37,LH+TZ
2026-05-09,10:00,2,29,Elefante,37,LH+TZ
2026-05-09,11:00,3,6,Rana,37,LH+TZ
2026-05-09,12:00,4,23,Cebra,37,LH+TZ
2026-05-09,13:00,5,34,Venado,37,LH+TZ
2026-05-09,14:00,6,23,Cebra,37,LH+TZ
2026-05-09,15:00,7,19,Chivo,37,LH+TZ
2026-05-09,16:00,8,4,Alacrán,37,LH+TZ
2026-05-09,17:00,9,3,Ciempiés,37,LH+TZ
2026-05-09,18:00,10,36,Culebra,37,LH+TZ
2026-05-09,19:00,11,20,Cochino,37,LH+TZ
2026-05-10,08:00,0,15,Zorro,37,LH+TZ
2026-05-10,09:00,1,22,Camello,37,LH+TZ
2026-05-10,10:00,2,31,Lapa,37,LH+TZ
2026-05-10,11:00,3,2,Toro,37,LH+TZ
2026-05-10,12:00,4,28,Zamuro,37,LH+TZ
2026-05-10,13:00,5,2,Toro,37,LH+TZ
2026-05-10,14:00,6,8,Ratón,37,LH+TZ
2026-05-10,15:00,7,17,Pavo,37,LH+TZ
2026-05-10,16:00,8,0,Ballena,37,LH+TZ
2026-05-10,17:00,9,4,Alacrán,37,LH+TZ
2026-05-10,18:00,10,32,Ardilla,37,LH+TZ
2026-05-10,19:00,11,24,Iguana,37,LH+TZ
2026-05-11,08:00,0,30,Caimán,37,LH+TZ
2026-05-11,09:00,1,14,Paloma,37,LH+TZ
2026-05-11,10:00,2,17,Pavo,37,LH+TZ
2026-05-11,11:00,3,5,León,37,LH+TZ
2026-05-11,12:00,4,0,Ballena,37,LH+TZ
2026-05-11,13:00,5,16,Oso,37,LH+TZ
2026-05-11,14:00,6,16,Oso,37,LH+TZ
2026-05-11,15:00,7,31,Lapa,37,LH+TZ
2026-05-11,16:00,8,35,Jirafa,37,LH+TZ
2026-05-11,17:00,9,0,Ballena,37,LH+TZ
2026-05-11,18:00,10,4,Alacrán,37,LH+TZ
2026-05-11,19:00,11,20,Cochino,37,LH+TZ
2026-05-12,08:00,0,3,Ciempiés,37,LH+TZ
2026-05-12,09:00,1,32,Ardilla,37,LH+TZ
2026-05-12,10:00,2,34,Venado,37,LH+TZ
2026-05-12,11:00,3,1,Carnero,37,LH+TZ
2026-05-12,12:00,4,8,Ratón,37,LH+TZ
2026-05-12,13:00,5,27,Perro,37,LH+TZ
2026-05-12,14:00,6,1,Carnero,37,LH+TZ
2026-05-12,15:00,7,22,Camello,37,LH+TZ
2026-05-12,16:00,8,6,Rana,37,LH+TZ
2026-05-12,17:00,9,34,Venado,37,LH+TZ
2026-05-12,18:00,10,18,Burro,37,LH+TZ
2026-05-12,19:00,11,35,Jirafa,37,LH+TZ
2026-05-13,08:00,0,2,Toro,37,LH+TZ
2026-05-13,09:00,1,16,Oso,37,LH+TZ
2026-05-13,10:00,2,5,León,37,LH+TZ
2026-05-13,11:00,3,33,Pescado,37,LH+TZ
2026-05-13,12:00,4,21,Gallo,37,LH+TZ
2026-05-13,13:00,5,30,Caimán,37,LH+TZ
2026-05-13,14:00,6,6,Rana,37,LH+TZ
2026-05-13,15:00,7,7,Perico,37,LH+TZ
2026-05-13,16:00,8,10,Tigre,37,LH+TZ
2026-05-13,17:00,9,33,Pescado,37,LH+TZ
2026-05-13,18:00,10,29,Elefante,37,LH+TZ
2026-05-13,19:00,11,18,Burro,37,LH+TZ
2026-05-14,08:00,0,27,Perro,37,LH+TZ
2026-05-14,09:00,1,23,Cebra,37,LH+TZ
2026-05-14,10:00,2,10,Tigre,37,LH+TZ
2026-05-14,11:00,3,33,Pescado,37,LH+TZ
2026-05-14,12:00,4,19,Chivo,37,LH+TZ
2026-05-14,13:00,5,29,Elefante,37,LH+TZ
2026-05-14,14:00,6,11,Gato,37,LH+TZ
2026-05-14,15:00,7,2,Toro,37,LH+TZ
2026-05-14,16:00,8,23,Cebra,37,LH+TZ
2026-05-14,17:00,9,6,Rana,37,LH+TZ
2026-05-14,18:00,10,3,Ciempiés,37,LH+TZ
2026-05-14,19:00,11,32,Ardilla,37,LH+TZ
2026-05-15,08:00,0,0,Ballena,37,LH+TZ
2026-05-15,09:00,1,20,Cochino,37,LH+TZ
2026-05-15,10:00,2,20,Cochino,37,LH+TZ
2026-05-15,11:00,3,7,Perico,37,LH+TZ
2026-05-15,12:00,4,36,Culebra,37,LH+TZ
2026-05-15,13:00,5,27,Perro,37,LH+TZ
2026-05-15,14:00,6,17,Pavo,37,LH+TZ
2026-05-15,15:00,7,25,Gallina,37,LH+TZ
2026-05-15,16:00,8,29,Elefante,37,LH+TZ
2026-05-15,17:00,9,12,Caballo,37,LH+TZ
2026-05-15,18:00,10,7,Perico,37,LH+TZ
2026-05-15,19:00,11,1,Carnero,37,LH+TZ
2026-05-16,08:00,0,23,Cebra,37,LH+TZ
2026-05-16,09:00,1,33,Pescado,37,LH+TZ
2026-05-16,10:00,2,20,Cochino,37,LH+TZ
2026-05-16,11:00,3,2,Toro,37,LH+TZ
2026-05-16,12:00,4,25,Gallina,37,LH+TZ
2026-05-16,13:00,5,31,Lapa,37,LH+TZ
2026-05-16,14:00,6,14,Paloma,37,LH+TZ
2026-05-16,15:00,7,2,Toro,37,LH+TZ
2026-05-16,16:00,8,6,Rana,37,LH+TZ
2026-05-16,17:00,9,19,Chivo,37,LH+TZ
2026-05-16,18:00,10,8,Ratón,37,LH+TZ
2026-05-16,19:00,11,17,Pavo,37,LH+TZ
2026-05-17,08:00,0,7,Perico,37,LH+TZ
2026-05-17,09:00,1,14,Paloma,37,LH+TZ
2026-05-17,10:00,2,15,Zorro,37,LH+TZ
2026-05-17,11:00,3,32,Ardilla,37,LH+TZ
2026-05-17,12:00,4,2,Toro,37,LH+TZ
2026-05-17,13:00,5,31,Lapa,37,LH+TZ
2026-05-17,14:00,6,4,Alacrán,37,LH+TZ
2026-05-17,15:00,7,12,Caballo,37,LH+TZ
2026-05-17,16:00,8,27,Perro,37,LH+TZ
2026-05-17,17:00,9,35,Jirafa,37,LH+TZ
2026-05-17,18:00,10,34,Venado,37,LH+TZ
2026-05-17,19:00,11,25,Gallina,37,LH+TZ
2026-05-18,08:00,0,26,Vaca,37,LH+TZ
2026-05-18,09:00,1,20,Cochino,37,LH+TZ
2026-05-18,10:00,2,8,Ratón,37,LH+TZ
2026-05-18,11:00,3,34,Venado,37,LH+TZ
2026-05-18,12:00,4,1,Carnero,37,LH+TZ
2026-05-18,13:00,5,4,Alacrán,37,LH+TZ
2026-05-18,14:00,6,21,Gallo,37,LH+TZ
2026-05-18,15:00,7,31,Lapa,37,LH+TZ
2026-05-18,16:00,8,2,Toro,37,LH+TZ
2026-05-18,17:00,9,9,Águila,37,LH+TZ
2026-05-18,18:00,10,8,Ratón,37,LH+TZ
2026-05-18,19:00,11,7,Perico,37,LH+TZ
2026-05-19,08:00,0,22,Camello,37,LH+TZ
2026-05-19,09:00,1,26,Vaca,37,LH+TZ
2026-05-19,10:00,2,31,Lapa,37,LH+TZ
2026-05-19,11:00,3,15,Zorro,37,LH+TZ
2026-05-19,12:00,4,24,Iguana,37,LH+TZ
2026-05-19,13:00,5,35,Jirafa,37,LH+TZ
2026-05-19,14:00,6,10,Tigre,37,LH+TZ
2026-05-19,15:00,7,24,Iguana,37,LH+TZ
2026-05-19,16:00,8,2,Toro,37,LH+TZ
2026-05-19,17:00,9,11,Gato,37,LH+TZ
2026-05-19,18:00,10,17,Pavo,37,LH+TZ
2026-05-19,19:00,11,15,Zorro,37,LH+TZ
2026-05-20,08:00,0,25,Gallina,37,LH+TZ
2026-05-20,09:00,1,30,Caimán,37,LH+TZ
2026-05-20,10:00,2,2,Toro,37,LH+TZ
2026-05-20,11:00,3,14,Paloma,37,LH+TZ
2026-05-20,12:00,4,10,Tigre,37,LH+TZ
2026-05-20,13:00,5,0,Ballena,37,LH+TZ
2026-05-20,14:00,6,18,Burro,37,LH+TZ
2026-05-20,15:00,7,20,Cochino,37,LH+TZ
2026-05-20,16:00,8,27,Perro,37,LH+TZ
2026-05-20,17:00,9,12,Caballo,37,LH+TZ
2026-05-20,18:00,10,12,Caballo,37,LH+TZ
2026-05-20,19:00,11,29,Elefante,37,LH+TZ
2026-05-21,08:00,0,35,Jirafa,37,LH+TZ
2026-05-21,09:00,1,0,Ballena,37,LH+TZ
2026-05-21,10:00,2,19,Chivo,37,LH+TZ
2026-05-21,11:00,3,30,Caimán,37,LH+TZ
2026-05-21,12:00,4,36,Culebra,37,LH+TZ
2026-05-21,13:00,5,25,Gallina,37,LH+TZ
2026-05-21,14:00,6,1,Carnero,37,LH+TZ
2026-05-21,15:00,7,16,Oso,37,LH+TZ
2026-05-21,16:00,8,0,Ballena,37,LH+TZ
2026-05-21,17:00,9,31,Lapa,37,LH+TZ
2026-05-21,18:00,10,22,Camello,37,LH+TZ
2026-05-21,19:00,11,24,Iguana,37,LH+TZ
2026-05-22,08:00,0,1,Carnero,37,LH+TZ
2026-05-22,09:00,1,33,Pescado,37,LH+TZ
2026-05-22,10:00,2,16,Oso,37,LH+TZ
2026-05-22,11:00,3,23,Cebra,37,LH+TZ
2026-05-22,12:00,4,23,Cebra,37,LH+TZ
2026-05-22,13:00,5,2,Toro,37,LH+TZ
2026-05-22,14:00,6,36,Culebra,37,LH+TZ
2026-05-22,15:00,7,15,Zorro,37,LH+TZ
2026-05-22,16:00,8,35,Jirafa,37,LH+TZ
2026-05-22,17:00,9,21,Gallo,37,LH+TZ
2026-05-22,18:00,10,28,Zamuro,37,LH+TZ
2026-05-22,19:00,11,36,Culebra,37,LH+TZ
2026-05-23,08:00,0,16,Oso,37,LH+TZ
2026-05-23,09:00,1,10,Tigre,37,LH+TZ
2026-05-23,10:00,2,29,Elefante,37,LH+TZ
2026-05-23,11:00,3,22,Camello,37,LH+TZ
2026-05-23,12:00,4,13,Mono,37,LH+TZ
2026-05-23,13:00,5,7,Perico,37,LH+TZ
2026-05-23,14:00,6,23,Cebra,37,LH+TZ
2026-05-23,15:00,7,21,Gallo,37,LH+TZ
2026-05-23,16:00,8,14,Paloma,37,LH+TZ
2026-05-23,17:00,9,0,Ballena,37,LH+TZ
2026-05-23,18:00,10,17,Pavo,37,LH+TZ
2026-05-23,19:00,11,7,Perico,37,LH+TZ
2026-05-24,08:00,0,32,Ardilla,37,LH+TZ
2026-05-24,09:00,1,20,Cochino,37,LH+TZ
2026-05-24,10:00,2,3,Ciempiés,37,LH+TZ
2026-05-24,11:00,3,21,Gallo,37,LH+TZ
2026-05-24,12:00,4,10,Tigre,37,LH+TZ
2026-05-24,13:00,5,19,Chivo,37,LH+TZ
2026-05-24,14:00,6,7,Perico,37,LH+TZ
2026-05-24,15:00,7,13,Mono,37,LH+TZ
2026-05-24,16:00,8,11,Gato,37,LH+TZ
2026-05-24,17:00,9,11,Gato,37,LH+TZ
2026-05-24,18:00,10,14,Paloma,37,LH+TZ
2026-05-24,19:00,11,15,Zorro,37,LH+TZ
2026-05-25,08:00,0,23,Cebra,37,LH+TZ
2026-05-25,09:00,1,17,Pavo,37,LH+TZ
2026-05-25,10:00,2,6,Rana,37,LH+TZ
2026-05-25,11:00,3,4,Alacrán,37,LH+TZ
2026-05-25,12:00,4,9,Águila,37,LH+TZ
2026-05-25,13:00,5,22,Camello,37,LH+TZ
2026-05-25,14:00,6,24,Iguana,37,LH+TZ
2026-05-25,15:00,7,0,Ballena,37,LH+TZ
2026-05-25,16:00,8,26,Vaca,37,LH+TZ
2026-05-25,17:00,9,10,Tigre,37,LH+TZ
2026-05-25,18:00,10,35,Jirafa,37,LH+TZ
2026-05-25,19:00,11,33,Pescado,37,LH+TZ
2026-05-26,08:00,0,13,Mono,37,LH+TZ
2026-05-26,09:00,1,19,Chivo,37,LH+TZ
2026-05-26,10:00,2,35,Jirafa,37,LH+TZ
2026-05-26,11:00,3,22,Camello,37,LH+TZ
2026-05-26,12:00,4,32,Ardilla,37,LH+TZ
2026-05-26,13:00,5,12,Caballo,37,LH+TZ
2026-05-26,14:00,6,34,Venado,37,LH+TZ
2026-05-26,15:00,7,6,Rana,37,LH+TZ
2026-05-26,16:00,8,8,Ratón,37,LH+TZ
2026-05-26,17:00,9,17,Pavo,37,LH+TZ
2026-05-26,18:00,10,21,Gallo,37,LH+TZ
2026-05-26,19:00,11,10,Tigre,37,LH+TZ
2026-05-27,08:00,0,4,Alacrán,37,LH+TZ
2026-05-27,09:00,1,18,Burro,37,LH+TZ
2026-05-27,10:00,2,24,Iguana,37,LH+TZ
2026-05-27,11:00,3,2,Toro,37,LH+TZ
2026-05-27,12:00,4,0,Ballena,37,LH+TZ
2026-05-27,13:00,5,36,Culebra,37,LH+TZ
2026-05-27,14:00,6,24,Iguana,37,LH+TZ
2026-05-27,15:00,7,11,Gato,37,LH+TZ
2026-05-27,16:00,8,16,Oso,37,LH+TZ
2026-05-27,17:00,9,25,Gallina,37,LH+TZ
2026-05-27,18:00,10,36,Culebra,37,LH+TZ
2026-05-27,19:00,11,7,Perico,37,LH+TZ
2026-05-28,08:00,0,0,Ballena,37,LH+TZ
2026-05-28,09:00,1,23,Cebra,37,LH+TZ
2026-05-28,10:00,2,21,Gallo,37,LH+TZ
2026-05-28,11:00,3,16,Oso,37,LH+TZ
2026-05-28,12:00,4,7,Perico,37,LH+TZ
2026-05-28,13:00,5,19,Chivo,37,LH+TZ
2026-05-28,14:00,6,28,Zamuro,37,LH+TZ
2026-05-28,15:00,7,11,Gato,37,LH+TZ
2026-05-28,16:00,8,9,Águila,37,LH+TZ
2026-05-28,17:00,9,12,Caballo,37,LH+TZ
2026-05-28,18:00,10,18,Burro,37,LH+TZ
2026-05-28,19:00,11,12,Caballo,37,LH+TZ
2026-05-29,08:00,0,3,Ciempiés,37,LH+TZ
2026-05-29,09:00,1,15,Zorro,37,LH+TZ
2026-05-29,10:00,2,20,Cochino,37,LH+TZ
2026-05-29,11:00,3,24,Iguana,37,LH+TZ
2026-05-29,12:00,4,19,Chivo,37,LH+TZ
2026-05-29,13:00,5,17,Pavo,37,LH+TZ
2026-05-29,14:00,6,9,Águila,37,LH+TZ
2026-05-29,15:00,7,1,Carnero,37,LH+TZ
2026-05-29,16:00,8,21,Gallo,37,LH+TZ
2026-05-29,17:00,9,24,Iguana,37,LH+TZ
2026-05-29,18:00,10,13,Mono,37,LH+TZ
2026-05-29,19:00,11,21,Gallo,37,LH+TZ
2026-05-30,08:00,0,34,Venado,37,LH+TZ
2026-05-30,09:00,1,18,Burro,37,LH+TZ
2026-05-30,10:00,2,35,Jirafa,37,LH+TZ
2026-05-30,11:00,3,8,Ratón,37,LH+TZ
2026-05-30,12:00,4,8,Ratón,37,LH+TZ
2026-05-30,13:00,5,14,Paloma,37,LH+TZ
2026-05-30,14:00,6,3,Ciempiés,37,LH+TZ
2026-05-30,15:00,7,27,Perro,37,LH+TZ
2026-05-30,16:00,8,0,Ballena,37,LH+TZ
2026-05-30,17:00,9,23,Cebra,37,LH+TZ
2026-05-30,18:00,10,20,Cochino,37,LH+TZ
2026-05-30,19:00,11,3,Ciempiés,37,LH+TZ
2026-05-31,08:00,0,22,Camello,37,LH+TZ
2026-05-31,09:00,1,9,Águila,37,LH+TZ
2026-05-31,10:00,2,33,Pescado,37,LH+TZ
2026-05-31,11:00,3,4,Alacrán,37,LH+TZ
2026-05-31,12:00,4,21,Gallo,37,LH+TZ
2026-05-31,13:00,5,24,Iguana,37,LH+TZ
2026-05-31,14:00,6,10,Tigre,37,LH+TZ
2026-05-31,15:00,7,34,Venado,37,LH+TZ
2026-05-31,16:00,8,16,Oso,37,LH+TZ
2026-05-31,17:00,9,19,Chivo,37,LH+TZ
2026-05-31,18:00,10,16,Oso,37,LH+TZ
2026-05-31,19:00,11,8,Ratón,37,LH+TZ
2026-06-01,08:00,0,18,Burro,37,LH+TZ
2026-06-01,09:00,1,30,Caimán,37,LH+TZ
2026-06-01,10:00,2,13,Mono,37,LH+TZ
2026-06-01,11:00,3,16,Oso,37,LH+TZ
2026-06-01,12:00,4,35,Jirafa,37,LH+TZ
2026-06-01,13:00,5,11,Gato,37,LH+TZ
2026-06-01,14:00,6,0,Ballena,37,LH+TZ
2026-06-01,15:00,7,3,Ciempiés,37,LH+TZ
2026-06-01,16:00,8,0,Ballena,37,LH+TZ
2026-06-01,17:00,9,2,Toro,37,LH+TZ
2026-06-01,18:00,10,19,Chivo,37,LH+TZ
2026-06-01,19:00,11,28,Zamuro,37,LH+TZ
2026-06-02,08:00,0,36,Culebra,37,LH+TZ
2026-06-02,09:00,1,10,Tigre,37,LH+TZ
2026-06-02,10:00,2,29,Elefante,37,LH+TZ
2026-06-02,11:00,3,32,Ardilla,37,LH+TZ
2026-06-02,12:00,4,13,Mono,37,LH+TZ
2026-06-02,13:00,5,19,Chivo,37,LH+TZ
2026-06-02,14:00,6,15,Zorro,37,LH+TZ
2026-06-02,15:00,7,35,Jirafa,37,LH+TZ
2026-06-02,16:00,8,2,Toro,37,LH+TZ
2026-06-02,17:00,9,15,Zorro,37,LH+TZ
2026-06-02,18:00,10,0,Ballena,37,LH+TZ
2026-06-02,19:00,11,5,León,37,LH+TZ
2026-06-03,08:00,0,7,Perico,37,LH+TZ
2026-06-03,09:00,1,13,Mono,37,LH+TZ
2026-06-03,10:00,2,35,Jirafa,37,LH+TZ
2026-06-03,11:00,3,20,Cochino,37,LH+TZ
2026-06-03,12:00,4,34,Venado,37,LH+TZ
2026-06-03,13:00,5,23,Cebra,37,LH+TZ
2026-06-03,14:00,6,6,Rana,37,LH+TZ
2026-06-03,15:00,7,12,Caballo,37,LH+TZ
2026-06-03,16:00,8,29,Elefante,37,LH+TZ
2026-06-03,17:00,9,24,Iguana,37,LH+TZ
2026-06-03,18:00,10,14,Paloma,37,LH+TZ
2026-06-03,19:00,11,22,Camello,37,LH+TZ
2026-06-04,08:00,0,36,Culebra,37,LH+TZ
2026-06-04,09:00,1,33,Pescado,37,LH+TZ
2026-06-04,10:00,2,31,Lapa,37,LH+TZ
2026-06-04,11:00,3,29,Elefante,37,LH+TZ
2026-06-04,12:00,4,19,Chivo,37,LH+TZ
2026-06-04,13:00,5,3,Ciempiés,37,LH+TZ
2026-06-04,14:00,6,17,Pavo,37,LH+TZ
2026-06-04,15:00,7,8,Ratón,37,LH+TZ
2026-06-04,16:00,8,3,Ciempiés,37,LH+TZ
2026-06-04,17:00,9,15,Zorro,37,LH+TZ
2026-06-04,18:00,10,33,Pescado,37,LH+TZ
2026-06-04,19:00,11,34,Venado,37,LH+TZ
2026-06-05,08:00,0,20,Cochino,37,LH+TZ
2026-06-05,09:00,1,9,Águila,37,LH+TZ
2026-06-05,10:00,2,8,Ratón,37,LH+TZ
2026-06-05,11:00,3,24,Iguana,37,LH+TZ
2026-06-05,12:00,4,26,Vaca,37,LH+TZ
2026-06-05,13:00,5,35,Jirafa,37,LH+TZ
2026-06-05,14:00,6,3,Ciempiés,37,LH+TZ
2026-06-05,15:00,7,21,Gallo,37,LH+TZ
2026-06-05,16:00,8,34,Venado,37,LH+TZ
2026-06-05,17:00,9,15,Zorro,37,LH+TZ
2026-06-05,18:00,10,18,Burro,37,LH+TZ
2026-06-05,19:00,11,8,Ratón,37,LH+TZ
2026-06-06,08:00,0,10,Tigre,37,LH+TZ
2026-06-06,09:00,1,28,Zamuro,37,LH+TZ
2026-06-06,10:00,2,17,Pavo,37,LH+TZ
2026-06-06,11:00,3,33,Pescado,37,LH+TZ
2026-06-06,12:00,4,21,Gallo,37,LH+TZ
2026-06-06,13:00,5,30,Caimán,37,LH+TZ
2026-06-06,14:00,6,10,Tigre,37,LH+TZ
2026-06-06,15:00,7,12,Caballo,37,LH+TZ
2026-06-06,16:00,8,7,Perico,37,LH+TZ
2026-06-06,17:00,9,27,Perro,37,LH+TZ
2026-06-06,18:00,10,35,Jirafa,37,LH+TZ
2026-06-06,19:00,11,3,Ciempiés,37,LH+TZ
2026-06-07,08:00,0,29,Elefante,37,LH+TZ
2026-06-07,09:00,1,7,Perico,37,LH+TZ
2026-06-07,10:00,2,25,Gallina,37,LH+TZ
2026-06-07,11:00,3,24,Iguana,37,LH+TZ
2026-06-07,12:00,4,31,Lapa,37,LH+TZ
2026-06-07,13:00,5,17,Pavo,37,LH+TZ
2026-06-07,14:00,6,12,Caballo,37,LH+TZ
2026-06-07,15:00,7,16,Oso,37,LH+TZ
2026-06-07,16:00,8,30,Caimán,37,LH+TZ
2026-06-07,17:00,9,0,Ballena,37,LH+TZ
2026-06-07,18:00,10,9,Águila,37,LH+TZ
2026-06-07,19:00,11,12,Caballo,37,LH+TZ
2026-06-08,08:00,0,22,Camello,37,LH+TZ
2026-06-08,09:00,1,10,Tigre,37,LH+TZ
2026-06-08,10:00,2,17,Pavo,37,LH+TZ
2026-06-08,11:00,3,1,Carnero,37,LH+TZ
2026-06-08,12:00,4,28,Zamuro,37,LH+TZ
2026-06-08,13:00,5,10,Tigre,37,LH+TZ
2026-06-08,14:00,6,30,Caimán,37,LH+TZ
2026-06-08,15:00,7,13,Mono,37,LH+TZ
2026-06-08,16:00,8,0,Ballena,37,LH+TZ
2026-06-08,17:00,9,29,Elefante,37,LH+TZ
2026-06-08,18:00,10,0,Ballena,37,LH+TZ
2026-06-08,19:00,11,19,Chivo,37,LH+TZ
2026-06-09,08:00,0,35,Jirafa,37,LH+TZ
2026-06-09,09:00,1,12,Caballo,37,LH+TZ
2026-06-09,10:00,2,5,León,37,LH+TZ
2026-06-09,11:00,3,1,Carnero,37,LH+TZ
2026-06-09,12:00,4,6,Rana,37,LH+TZ
2026-06-09,13:00,5,7,Perico,37,LH+TZ
2026-06-09,14:00,6,11,Gato,37,LH+TZ
2026-06-09,15:00,7,14,Paloma,37,LH+TZ
2026-06-09,16:00,8,17,Pavo,37,LH+TZ
2026-06-09,17:00,9,30,Caimán,37,LH+TZ
2026-06-09,18:00,10,21,Gallo,37,LH+TZ
2026-06-09,19:00,11,30,Caimán,37,LH+TZ
2026-06-10,08:00,0,14,Paloma,37,LH+TZ
2026-06-10,09:00,1,3,Ciempiés,37,LH+TZ
2026-06-10,10:00,2,31,Lapa,37,LH+TZ
2026-06-10,11:00,3,0,Ballena,37,LH+TZ
2026-06-10,12:00,4,35,Jirafa,37,LH+TZ
2026-06-10,13:00,5,9,Águila,37,LH+TZ
2026-06-10,14:00,6,15,Zorro,37,LH+TZ
2026-06-10,15:00,7,13,Mono,37,LH+TZ
2026-06-10,16:00,8,36,Culebra,37,LH+TZ
2026-06-10,17:00,9,16,Oso,37,LH+TZ
2026-06-10,18:00,10,29,Elefante,37,LH+TZ
2026-06-10,19:00,11,29,Elefante,37,LH+TZ
2026-06-11,08:00,0,32,Ardilla,37,LH+TZ
2026-06-11,09:00,1,9,Águila,37,LH+TZ
2026-06-11,10:00,2,34,Venado,37,LH+TZ
2026-06-11,11:00,3,20,Cochino,37,LH+TZ
2026-06-11,12:00,4,14,Paloma,37,LH+TZ
2026-06-11,13:00,5,32,Ardilla,37,LH+TZ
2026-06-11,14:00,6,21,Gallo,37,LH+TZ
2026-06-11,15:00,7,5,León,37,LH+TZ
2026-06-11,16:00,8,0,Ballena,37,LH+TZ
2026-06-11,17:00,9,25,Gallina,37,LH+TZ
2026-06-11,18:00,10,10,Tigre,37,LH+TZ
2026-06-11,19:00,11,24,Iguana,37,LH+TZ
2026-06-12,08:00,0,33,Pescado,37,LH+TZ
2026-06-12,09:00,1,5,León,37,LH+TZ
2026-06-12,10:00,2,24,Iguana,37,LH+TZ
2026-06-12,11:00,3,8,Ratón,37,LH+TZ
2026-06-12,12:00,4,16,Oso,37,LH+TZ
2026-06-12,13:00,5,10,Tigre,37,LH+TZ
2026-06-12,14:00,6,2,Toro,37,LH+TZ
2026-06-12,15:00,7,36,Culebra,37,LH+TZ
2026-06-12,16:00,8,36,Culebra,37,LH+TZ
2026-06-12,17:00,9,30,Caimán,37,LH+TZ
2026-06-12,18:00,10,17,Pavo,37,LH+TZ
2026-06-12,19:00,11,32,Ardilla,37,LH+TZ
2026-06-13,08:00,0,34,Venado,37,LH+TZ
2026-06-13,09:00,1,28,Zamuro,37,LH+TZ
2026-06-13,10:00,2,4,Alacrán,37,LH+TZ
2026-06-13,11:00,3,20,Cochino,37,LH+TZ
2026-06-13,12:00,4,10,Tigre,37,LH+TZ
2026-06-13,13:00,5,3,Ciempiés,37,LH+TZ
2026-06-13,14:00,6,26,Vaca,37,LH+TZ
2026-06-13,15:00,7,4,Alacrán,37,LH+TZ
2026-06-13,16:00,8,1,Carnero,37,LH+TZ
2026-06-13,17:00,9,29,Elefante,37,LH+TZ
2026-06-13,18:00,10,9,Águila,37,LH+TZ
2026-06-13,19:00,11,20,Cochino,37,LH+TZ
2026-06-14,08:00,0,16,Oso,37,LH+TZ
2026-06-14,09:00,1,22,Camello,37,LH+TZ
2026-06-14,10:00,2,15,Zorro,37,LH+TZ
2026-06-14,11:00,3,28,Zamuro,37,LH+TZ
2026-06-14,12:00,4,3,Ciempiés,37,LH+TZ
2026-06-14,13:00,5,32,Ardilla,37,LH+TZ
2026-06-14,14:00,6,27,Perro,37,LH+TZ
2026-06-14,15:00,7,36,Culebra,37,LH+TZ
2026-06-14,16:00,8,21,Gallo,37,LH+TZ
2026-06-14,17:00,9,11,Gato,37,LH+TZ
2026-06-14,18:00,10,32,Ardilla,37,LH+TZ
2026-06-14,19:00,11,6,Rana,37,LH+TZ
2026-06-15,08:00,0,13,Mono,37,LH+TZ
2026-06-15,09:00,1,9,Águila,37,LH+TZ
2026-06-15,10:00,2,5,León,37,LH+TZ
2026-06-15,11:00,3,24,Iguana,37,LH+TZ
2026-06-15,12:00,4,34,Venado,37,LH+TZ
2026-06-15,13:00,5,0,Ballena,37,LH+TZ
2026-06-15,14:00,6,12,Caballo,37,LH+TZ
2026-06-15,15:00,7,25,Gallina,37,LH+TZ
2026-06-15,16:00,8,32,Ardilla,37,LH+TZ
2026-06-15,17:00,9,18,Burro,37,LH+TZ
2026-06-15,18:00,10,22,Camello,37,LH+TZ
2026-06-15,19:00,11,29,Elefante,37,LH+TZ
2026-06-16,08:00,0,21,Gallo,37,LH+TZ
2026-06-16,09:00,1,26,Vaca,37,LH+TZ
2026-06-16,10:00,2,8,Ratón,37,LH+TZ
2026-06-16,11:00,3,14,Paloma,37,LH+TZ
2026-06-16,12:00,4,7,Perico,37,LH+TZ
2026-06-16,13:00,5,16,Oso,37,LH+TZ
2026-06-16,14:00,6,31,Lapa,37,LH+TZ
2026-06-16,15:00,7,24,Iguana,37,LH+TZ
2026-06-16,16:00,8,4,Alacrán,37,LH+TZ
2026-06-16,17:00,9,1,Carnero,37,LH+TZ
2026-06-16,18:00,10,10,Tigre,37,LH+TZ
2026-06-16,19:00,11,20,Cochino,37,LH+TZ
2026-06-17,08:00,0,13,Mono,37,LH+TZ
2026-06-17,09:00,1,10,Tigre,37,LH+TZ
2026-06-17,10:00,2,0,Ballena,37,LH+TZ
2026-06-17,11:00,3,25,Gallina,37,LH+TZ
2026-06-17,12:00,4,24,Iguana,37,LH+TZ
2026-06-17,13:00,5,35,Jirafa,37,LH+TZ
2026-06-17,14:00,6,33,Pescado,37,LH+TZ
2026-06-17,15:00,7,20,Cochino,37,LH+TZ
2026-06-17,16:00,8,33,Pescado,37,LH+TZ
2026-06-17,17:00,9,1,Carnero,37,LH+TZ
2026-06-17,18:00,10,22,Camello,37,LH+TZ
2026-06-17,19:00,11,14,Paloma,37,LH+TZ
2026-06-18,08:00,0,17,Pavo,37,LH+TZ
2026-06-18,09:00,1,11,Gato,37,LH+TZ
2026-06-18,10:00,2,19,Chivo,37,LH+TZ
2026-06-18,11:00,3,33,Pescado,37,LH+TZ
2026-06-18,12:00,4,8,Ratón,37,LH+TZ
2026-06-18,13:00,5,25,Gallina,37,LH+TZ
2026-06-18,14:00,6,5,León,37,LH+TZ
2026-06-18,15:00,7,4,Alacrán,37,LH+TZ
2026-06-18,16:00,8,1,Carnero,37,LH+TZ
2026-06-18,17:00,9,19,Chivo,37,LH+TZ
2026-06-18,18:00,10,6,Rana,37,LH+TZ
2026-06-18,19:00,11,33,Pescado,37,LH+TZ
2026-06-19,08:00,0,30,Caimán,37,LH+TZ
2026-06-19,09:00,1,22,Camello,37,LH+TZ
2026-06-19,10:00,2,13,Mono,37,LH+TZ
2026-06-19,11:00,3,11,Gato,37,LH+TZ
2026-06-19,12:00,4,26,Vaca,37,LH+TZ
2026-06-19,13:00,5,19,Chivo,37,LH+TZ
2026-06-19,14:00,6,23,Cebra,37,LH+TZ
2026-06-19,15:00,7,14,Paloma,37,LH+TZ
2026-06-19,16:00,8,32,Ardilla,37,LH+TZ
2026-06-19,17:00,9,0,Ballena,37,LH+TZ
2026-06-19,18:00,10,13,Mono,37,LH+TZ
2026-06-19,19:00,11,27,Perro,37,LH+TZ
2026-06-20,08:00,0,1,Carnero,37,LH+TZ
2026-06-20,09:00,1,25,Gallina,37,LH+TZ
2026-06-20,10:00,2,29,Elefante,37,LH+TZ
2026-06-20,11:00,3,11,Gato,37,LH+TZ
2026-06-20,12:00,4,29,Elefante,37,LH+TZ
2026-06-20,13:00,5,10,Tigre,37,LH+TZ
2026-06-20,14:00,6,35,Jirafa,37,LH+TZ
2026-06-20,15:00,7,26,Vaca,37,LH+TZ
2026-06-20,16:00,8,36,Culebra,37,LH+TZ
2026-06-20,17:00,9,15,Zorro,37,LH+TZ
2026-06-20,18:00,10,14,Paloma,37,LH+TZ
2026-06-20,19:00,11,33,Pescado,37,LH+TZ
2026-06-21,08:00,0,13,Mono,37,LH+TZ
2026-06-21,09:00,1,30,Caimán,37,LH+TZ
2026-06-21,10:00,2,25,Gallina,37,LH+TZ
2026-06-21,11:00,3,0,Ballena,37,LH+TZ
2026-06-21,12:00,4,6,Rana,37,LH+TZ
2026-06-21,13:00,5,8,Ratón,37,LH+TZ
2026-06-21,14:00,6,10,Tigre,37,LH+TZ
2026-06-21,15:00,7,9,Águila,37,LH+TZ
2026-06-21,16:00,8,8,Ratón,37,LH+TZ
2026-06-21,17:00,9,23,Cebra,37,LH+TZ
2026-06-21,18:00,10,5,León,37,LH+TZ
2026-06-21,19:00,11,20,Cochino,37,LH+TZ
2026-06-22,08:00,0,26,Vaca,37,LH+TZ
2026-06-22,09:00,1,2,Toro,37,LH+TZ
2026-06-22,10:00,2,25,Gallina,37,LH+TZ
2026-06-22,11:00,3,13,Mono,37,LH+TZ
2026-06-22,12:00,4,30,Caimán,37,LH+TZ
2026-06-22,13:00,5,7,Perico,37,LH+TZ
2026-06-22,14:00,6,19,Chivo,37,LH+TZ
2026-06-22,15:00,7,18,Burro,37,LH+TZ
2026-06-22,16:00,8,1,Carnero,37,LH+TZ
2026-06-22,17:00,9,3,Ciempiés,37,LH+TZ
2026-06-22,18:00,10,6,Rana,37,LH+TZ
2026-06-22,19:00,11,0,Ballena,37,LH+TZ
2026-06-23,08:00,0,18,Burro,37,LH+TZ
2026-06-23,09:00,1,28,Zamuro,37,LH+TZ
2026-06-23,10:00,2,11,Gato,37,LH+TZ
2026-06-23,11:00,3,6,Rana,37,LH+TZ
2026-06-23,12:00,4,28,Zamuro,37,LH+TZ
2026-06-23,13:00,5,32,Ardilla,37,LH+TZ
2026-06-23,14:00,6,9,Águila,37,LH+TZ
2026-06-23,15:00,7,29,Elefante,37,LH+TZ
2026-06-23,16:00,8,0,Ballena,37,LH+TZ
2026-06-23,17:00,9,33,Pescado,37,LH+TZ
2026-06-23,18:00,10,1,Carnero,37,LH+TZ
2026-06-23,19:00,11,26,Vaca,37,LH+TZ
2026-06-24,08:00,0,14,Paloma,37,LH+TZ
2026-06-24,09:00,1,16,Oso,37,LH+TZ
2026-06-24,10:00,2,6,Rana,37,LH+TZ
2026-06-24,11:00,3,34,Venado,37,LH+TZ
2026-06-24,12:00,4,5,León,37,LH+TZ
2026-06-24,13:00,5,26,Vaca,37,LH+TZ
2026-06-24,14:00,6,35,Jirafa,37,LH+TZ
2026-06-24,15:00,7,35,Jirafa,37,LH+TZ
2026-06-24,16:00,8,9,Águila,37,LH+TZ
2026-06-24,17:00,9,21,Gallo,37,LH+TZ
2026-06-24,18:00,10,23,Cebra,37,LH+TZ
2026-06-24,19:00,11,8,Ratón,37,LH+TZ
2026-06-29,08:00,0,18,Burro,37,LH+TZ
2026-06-29,09:00,1,22,Camello,37,LH+TZ
2026-06-29,10:00,2,20,Cochino,37,LH+TZ
2026-06-29,11:00,3,31,Lapa,37,LH+TZ
2026-06-29,12:00,4,33,Pescado,37,LH+TZ
2026-06-29,13:00,5,17,Pavo,37,LH+TZ
2026-06-29,14:00,6,0,Ballena,37,LH+TZ
2026-06-29,15:00,7,2,Toro,37,LH+TZ
2026-06-29,16:00,8,4,Alacrán,37,LH+TZ
2026-06-29,17:00,9,13,Mono,37,LH+TZ
2026-06-29,18:00,10,13,Mono,37,LH+TZ
2026-06-29,19:00,11,8,Ratón,37,LH+TZ
2026-06-30,08:00,0,15,Zorro,37,LH+TZ
2026-06-30,09:00,1,9,Águila,37,LH+TZ
2026-06-30,10:00,2,11,Gato,37,LH+TZ
2026-06-30,11:00,3,1,Carnero,37,LH+TZ
2026-06-30,12:00,4,24,Iguana,37,LH+TZ
2026-06-30,13:00,5,16,Oso,37,LH+TZ
2026-06-30,14:00,6,34,Venado,37,LH+TZ
2026-06-30,15:00,7,22,Camello,37,LH+TZ
2026-06-30,16:00,8,31,Lapa,37,LH+TZ
2026-06-30,17:00,9,25,Gallina,37,LH+TZ
2026-06-30,18:00,10,36,Culebra,37,LH+TZ
2026-06-30,19:00,11,23,Cebra,37,LH+TZ
2026-07-01,08:00,0,4,Alacrán,37,LH+TZ
2026-07-01,09:00,1,31,Lapa,37,LH+TZ
2026-07-01,10:00,2,3,Ciempiés,37,LH+TZ
2026-07-01,11:00,3,16,Oso,37,LH+TZ
2026-07-01,12:00,4,35,Jirafa,37,LH+TZ
2026-07-01,13:00,5,22,Camello,37,LH+TZ
2026-07-01,14:00,6,32,Ardilla,37,LH+TZ
2026-07-01,15:00,7,12,Caballo,37,LH+TZ
2026-07-01,16:00,8,0,Ballena,37,LH+TZ
2026-07-01,17:00,9,4,Alacrán,37,LH+TZ
2026-07-01,18:00,10,29,Elefante,37,LH+TZ
2026-07-01,19:00,11,34,Venado,37,LH+TZ
2026-07-02,08:00,0,10,Tigre,37,LH+TZ
2026-07-02,09:00,1,7,Perico,37,LH+TZ
2026-07-02,10:00,2,32,Ardilla,37,LH+TZ
2026-07-02,11:00,3,0,Ballena,37,LH+TZ
2026-07-02,12:00,4,35,Jirafa,37,LH+TZ
2026-07-02,13:00,5,19,Chivo,37,LH+TZ
2026-07-02,14:00,6,30,Caimán,37,LH+TZ
2026-07-02,15:00,7,26,Vaca,37,LH+TZ
2026-07-02,16:00,8,16,Oso,37,LH+TZ
2026-07-02,17:00,9,36,Culebra,37,LH+TZ
2026-07-02,18:00,10,17,Pavo,37,LH+TZ
2026-07-02,19:00,11,26,Vaca,37,LH+TZ
2026-07-03,08:00,0,11,Gato,37,LH+TZ
2026-07-03,09:00,1,34,Venado,37,LH+TZ
2026-07-03,10:00,2,9,Águila,37,LH+TZ
2026-07-03,11:00,3,2,Toro,37,LH+TZ
2026-07-03,12:00,4,31,Lapa,37,LH+TZ
2026-07-03,13:00,5,23,Cebra,37,LH+TZ
2026-07-03,14:00,6,28,Zamuro,37,LH+TZ
2026-07-03,15:00,7,34,Venado,37,LH+TZ
2026-07-03,16:00,8,26,Vaca,37,LH+TZ
2026-07-03,17:00,9,21,Gallo,37,LH+TZ
2026-07-03,18:00,10,21,Gallo,37,LH+TZ
2026-07-03,19:00,11,1,Carnero,37,LH+TZ
2026-07-04,08:00,0,14,Paloma,37,LH+TZ
2026-07-04,09:00,1,1,Carnero,37,LH+TZ
2026-07-04,10:00,2,7,Perico,37,LH+TZ
2026-07-04,11:00,3,16,Oso,37,LH+TZ
2026-07-04,12:00,4,29,Elefante,37,LH+TZ
2026-07-04,13:00,5,10,Tigre,37,LH+TZ
2026-07-04,14:00,6,26,Vaca,37,LH+TZ
2026-07-04,15:00,7,15,Zorro,37,LH+TZ
2026-07-04,16:00,8,34,Venado,37,LH+TZ
2026-07-04,17:00,9,31,Lapa,37,LH+TZ
2026-07-04,18:00,10,35,Jirafa,37,LH+TZ
2026-07-04,19:00,11,7,Perico,37,LH+TZ
2026-07-05,08:00,0,6,Rana,37,LH+TZ
2026-07-05,09:00,1,7,Perico,37,LH+TZ
2026-07-05,10:00,2,10,Tigre,37,LH+TZ
2026-07-05,11:00,3,20,Cochino,37,LH+TZ
2026-07-05,12:00,4,11,Gato,37,LH+TZ
2026-07-05,13:00,5,18,Burro,37,LH+TZ
2026-07-05,14:00,6,33,Pescado,37,LH+TZ
2026-07-05,15:00,7,21,Gallo,37,LH+TZ
2026-07-05,16:00,8,31,Lapa,37,LH+TZ
2026-07-05,17:00,9,7,Perico,37,LH+TZ
2026-07-05,18:00,10,17,Pavo,37,LH+TZ
2026-07-05,19:00,11,32,Ardilla,37,LH+TZ
2026-07-06,08:00,0,28,Zamuro,37,LH+TZ
2026-07-06,09:00,1,15,Zorro,37,LH+TZ
2026-07-06,10:00,2,22,Camello,37,LH+TZ
2026-07-06,11:00,3,36,Culebra,37,LH+TZ
2026-07-06,12:00,4,21,Gallo,37,LH+TZ
2026-07-06,13:00,5,14,Paloma,37,LH+TZ
2026-07-06,14:00,6,28,Zamuro,37,LH+TZ
2026-07-06,15:00,7,18,Burro,37,LH+TZ
2026-07-06,16:00,8,3,Ciempiés,37,LH+TZ
2026-07-06,17:00,9,35,Jirafa,37,LH+TZ
2026-07-06,18:00,10,13,Mono,37,LH+TZ
2026-07-06,19:00,11,1,Carnero,37,LH+TZ
2026-07-07,08:00,0,12,Caballo,37,LH+TZ
2026-07-07,09:00,1,29,Elefante,37,LH+TZ
2026-07-07,10:00,2,9,Águila,37,LH+TZ
2026-07-07,11:00,3,0,Ballena,37,LH+TZ
2026-07-07,12:00,4,18,Burro,37,LH+TZ
2026-07-07,13:00,5,11,Gato,37,LH+TZ
2026-07-07,14:00,6,5,León,37,LH+TZ
2026-07-07,15:00,7,0,Ballena,37,LH+TZ
2026-07-07,16:00,8,31,Lapa,37,LH+TZ
2026-07-07,17:00,9,9,Águila,37,LH+TZ
2026-07-07,18:00,10,30,Caimán,37,LH+TZ
2026-07-07,19:00,11,1,Carnero,37,LH+TZ
2026-07-08,08:00,0,24,Iguana,37,LH+TZ
2026-07-08,09:00,1,20,Cochino,37,LH+TZ
2026-07-08,10:00,2,15,Zorro,37,LH+TZ
2026-07-08,11:00,3,31,Lapa,37,LH+TZ
2026-07-08,12:00,4,20,Cochino,37,LH+TZ
2026-07-08,13:00,5,14,Paloma,37,LH+TZ
2026-07-08,14:00,6,17,Pavo,37,LH+TZ
2026-07-08,15:00,7,29,Elefante,37,LH+TZ
2026-07-08,16:00,8,23,Cebra,37,LH+TZ
2026-07-08,17:00,9,33,Pescado,37,LH+TZ
2026-07-08,18:00,10,14,Paloma,37,LH+TZ
2026-07-08,19:00,11,35,Jirafa,37,LH+TZ
2026-07-09,08:00,0,28,Zamuro,37,LH+TZ
2026-07-09,09:00,1,4,Alacrán,37,LH+TZ
2026-07-09,10:00,2,6,Rana,37,LH+TZ
2026-07-09,11:00,3,22,Camello,37,LH+TZ
2026-07-09,12:00,4,17,Pavo,37,LH+TZ
2026-07-09,13:00,5,21,Gallo,37,LH+TZ
2026-07-09,14:00,6,31,Lapa,37,LH+TZ
2026-07-09,15:00,7,8,Ratón,37,LH+TZ
2026-07-09,16:00,8,30,Caimán,37,LH+TZ
2026-07-09,17:00,9,14,Paloma,37,LH+TZ
2026-07-09,18:00,10,15,Zorro,37,LH+TZ
2026-07-09,19:00,11,0,Ballena,37,LH+TZ
2026-07-10,08:00,0,12,Caballo,37,LH+TZ
2026-07-10,09:00,1,30,Caimán,37,LH+TZ
2026-07-10,10:00,2,7,Perico,37,LH+TZ
2026-07-10,11:00,3,18,Burro,37,LH+TZ
2026-07-10,12:00,4,22,Camello,37,LH+TZ
2026-07-10,13:00,5,11,Gato,37,LH+TZ
2026-07-10,14:00,6,32,Ardilla,37,LH+TZ
2026-07-10,15:00,7,28,Zamuro,37,LH+TZ
2026-07-10,16:00,8,9,Águila,37,LH+TZ
2026-07-10,17:00,9,11,Gato,37,LH+TZ
2026-07-10,18:00,10,24,Iguana,37,LH+TZ
2026-07-10,19:00,11,27,Perro,37,LH+TZ
2026-07-11,08:00,0,20,Cochino,37,LH+TZ
2026-07-11,09:00,1,12,Caballo,37,LH+TZ
2026-07-11,10:00,2,30,Caimán,37,LH+TZ
2026-07-11,11:00,3,21,Gallo,37,LH+TZ
2026-07-11,12:00,4,0,Ballena,37,LH+TZ
2026-07-11,13:00,5,26,Vaca,37,LH+TZ
2026-07-11,14:00,6,5,León,37,LH+TZ
2026-07-11,15:00,7,20,Cochino,37,LH+TZ
2026-07-11,16:00,8,6,Rana,37,LH+TZ
2026-07-11,17:00,9,19,Chivo,37,LH+TZ
2026-07-11,18:00,10,32,Ardilla,37,LH+TZ
2026-07-11,19:00,11,36,Culebra,37,LH+TZ
2026-07-12,08:00,0,16,Oso,37,LH+TZ
2026-07-12,09:00,1,8,Ratón,37,LH+TZ
2026-07-12,10:00,2,3,Ciempiés,37,LH+TZ
2026-07-12,11:00,3,19,Chivo,37,LH+TZ
2026-07-12,12:00,4,14,Paloma,37,LH+TZ
2026-07-12,13:00,5,0,Ballena,37,LH+TZ
2026-07-12,14:00,6,9,Águila,37,LH+TZ
2026-07-12,15:00,7,1,Carnero,37,LH+TZ
2026-07-12,16:00,8,28,Zamuro,37,LH+TZ
2026-07-12,17:00,9,17,Pavo,37,LH+TZ
2026-07-12,18:00,10,20,Cochino,37,LH+TZ
2026-07-12,19:00,11,20,Cochino,37,LH+TZ
2026-07-13,08:00,0,2,Toro,37,LH+TZ
2026-07-13,09:00,1,32,Ardilla,37,LH+TZ
2026-07-13,10:00,2,9,Águila,37,LH+TZ
2026-07-13,11:00,3,24,Iguana,37,LH+TZ
2026-07-13,12:00,4,4,Alacrán,37,LH+TZ
2026-07-13,13:00,5,23,Cebra,37,LH+TZ
2026-07-13,14:00,6,31,Lapa,37,LH+TZ
2026-07-13,15:00,7,12,Caballo,37,LH+TZ
2026-07-13,16:00,8,5,León,37,LH+TZ
2026-07-13,17:00,9,24,Iguana,37,LH+TZ
2026-07-13,18:00,10,35,Jirafa,37,LH+TZ
2026-07-13,19:00,11,21,Gallo,37,LH+TZ
2026-07-14,08:00,0,30,Caimán,37,LH+TZ
2026-07-14,09:00,1,0,Ballena,37,LH+TZ
2026-07-14,10:00,2,24,Iguana,37,LH+TZ
2026-07-14,11:00,3,24,Iguana,37,LH+TZ
2026-07-14,12:00,4,26,Vaca,37,LH+TZ
2026-07-14,13:00,5,10,Tigre,37,LH+TZ
2026-07-14,14:00,6,31,Lapa,37,LH+TZ
2026-07-14,15:00,7,34,Venado,37,LH+TZ
2026-07-14,16:00,8,21,Gallo,37,LH+TZ
2026-07-14,17:00,9,11,Gato,37,LH+TZ
2026-07-14,18:00,10,30,Caimán,37,LH+TZ
2026-07-14,19:00,11,32,Ardilla,37,LH+TZ
2026-07-15,08:00,0,4,Alacrán,37,LH+TZ
2026-07-15,09:00,1,33,Pescado,37,LH+TZ
2026-07-15,10:00,2,3,Ciempiés,37,LH+TZ
2026-07-15,11:00,3,10,Tigre,37,LH+TZ
2026-07-15,12:00,4,34,Venado,37,LH+TZ
2026-07-15,13:00,5,2,Toro,37,LH+TZ
2026-07-15,14:00,6,18,Burro,37,LH+TZ
2026-07-15,15:00,7,30,Caimán,37,LH+TZ
2026-07-15,16:00,8,31,Lapa,37,LH+TZ
2026-07-15,17:00,9,12,Caballo,37,LH+TZ
2026-07-15,18:00,10,6,Rana,37,LH+TZ
2026-07-15,19:00,11,17,Pavo,37,LH+TZ
2026-07-16,08:00,0,15,Zorro,37,LH+TZ
2026-07-16,09:00,1,20,Cochino,37,LH+TZ
2026-07-16,10:00,2,33,Pescado,37,LH+TZ
2026-07-16,11:00,3,24,Iguana,37,LH+TZ
2026-07-16,12:00,4,29,Elefante,37,LH+TZ
2026-07-16,13:00,5,29,Elefante,37,LH+TZ
2026-07-16,14:00,6,27,Perro,37,LH+TZ
2026-07-16,15:00,7,32,Ardilla,37,LH+TZ
2026-07-16,16:00,8,3,Ciempiés,37,LH+TZ
2026-07-16,17:00,9,17,Pavo,37,LH+TZ
2026-07-16,18:00,10,9,Águila,37,LH+TZ
2026-07-16,19:00,11,2,Toro,37,LH+TZ
2026-07-17,08:00,0,22,Camello,37,LH+TZ
2026-07-17,09:00,1,34,Venado,37,LH+TZ
2026-07-17,10:00,2,0,Ballena,37,LH+TZ
2026-07-17,11:00,3,30,Caimán,37,LH+TZ
2026-07-17,12:00,4,25,Gallina,37,LH+TZ
2026-07-17,13:00,5,6,Rana,37,LH+TZ
2026-07-17,14:00,6,20,Cochino,37,LH+TZ
2026-07-17,15:00,7,4,Alacrán,37,LH+TZ
2026-07-17,16:00,8,26,Vaca,37,LH+TZ
2026-07-17,17:00,9,3,Ciempiés,37,LH+TZ
2026-07-17,18:00,10,0,Ballena,37,LH+TZ
2026-07-17,19:00,11,30,Caimán,37,LH+TZ
2026-07-18,08:00,0,17,Pavo,37,LH+TZ
2026-07-18,09:00,1,23,Cebra,37,LH+TZ
2026-07-18,10:00,2,1,Carnero,37,LH+TZ
2026-07-18,11:00,3,28,Zamuro,37,LH+TZ
2026-07-18,12:00,4,17,Pavo,37,LH+TZ
2026-07-18,13:00,5,33,Pescado,37,LH+TZ
2026-07-18,14:00,6,5,León,37,LH+TZ
2026-07-18,15:00,7,21,Gallo,37,LH+TZ
2026-07-18,16:00,8,27,Perro,37,LH+TZ
2026-07-18,17:00,9,35,Jirafa,37,LH+TZ
2026-07-18,18:00,10,23,Cebra,37,LH+TZ
2026-07-18,19:00,11,30,Caimán,37,LH+TZ
2026-07-19,08:00,0,30,Caimán,37,LH+TZ
2026-07-19,09:00,1,32,Ardilla,37,LH+TZ
2026-07-19,10:00,2,22,Camello,37,LH+TZ
2026-07-19,11:00,3,28,Zamuro,37,LH+TZ
2026-07-19,12:00,4,35,Jirafa,37,LH+TZ
2026-07-19,13:00,5,8,Ratón,37,LH+TZ
2026-07-19,14:00,6,4,Alacrán,37,LH+TZ
2026-07-19,15:00,7,14,Paloma,37,LH+TZ
2026-07-19,16:00,8,12,Caballo,37,LH+TZ
2026-07-19,17:00,9,33,Pescado,37,LH+TZ
2026-07-19,18:00,10,25,Gallina,37,LH+TZ
2026-07-19,19:00,11,34,Venado,37,LH+TZ
2026-07-20,08:00,0,36,Culebra,37,LH+TZ
2026-07-20,09:00,1,26,Vaca,37,LH+TZ
2026-07-20,10:00,2,31,Lapa,37,LH+TZ
2026-07-20,11:00,3,18,Burro,37,LH+TZ
2026-07-20,12:00,4,16,Oso,37,LH+TZ
2026-07-20,13:00,5,23,Cebra,37,LH+TZ
2026-07-20,14:00,6,11,Gato,37,LH+TZ
2026-07-20,15:00,7,0,Ballena,37,LH+TZ
2026-07-20,16:00,8,17,Pavo,37,LH+TZ
2026-07-20,17:00,9,30,Caimán,37,LH+TZ
2026-07-20,18:00,10,29,Elefante,37,LH+TZ
2026-07-20,19:00,11,21,Gallo,37,LH+TZ
2026-07-21,08:00,0,9,Águila,37,LH+TZ
2026-07-21,09:00,1,16,Oso,37,LH+TZ
2026-07-21,10:00,2,11,Gato,37,LH+TZ
2026-07-21,11:00,3,14,Paloma,37,LH+TZ
2026-07-21,12:00,4,1,Carnero,37,LH+TZ
2026-07-21,13:00,5,20,Cochino,37,LH+TZ
2026-07-21,14:00,6,29,Elefante,37,LH+TZ
2026-07-21,15:00,7,23,Cebra,37,LH+TZ
2026-07-21,16:00,8,27,Perro,37,LH+TZ
2026-07-21,17:00,9,3,Ciempiés,37,LH+TZ
2026-07-21,18:00,10,35,Jirafa,37,LH+TZ
2026-07-21,19:00,11,18,Burro,37,LH+TZ
2026-07-22,08:00,0,0,Ballena,37,LH+TZ
2026-07-22,09:00,1,10,Tigre,37,LH+TZ
2026-07-22,10:00,2,28,Zamuro,37,LH+TZ
2026-07-22,11:00,3,13,Mono,37,LH+TZ
2026-07-22,12:00,4,34,Venado,37,LH+TZ
2026-07-22,13:00,5,14,Paloma,37,LH+TZ
2026-07-22,14:00,6,28,Zamuro,37,LH+TZ
2026-07-22,15:00,7,33,Pescado,37,LH+TZ
2026-07-22,16:00,8,11,Gato,37,LH+TZ
2026-07-22,17:00,9,4,Alacrán,37,LH+TZ
2026-07-22,18:00,10,12,Caballo,37,LH+TZ
2026-07-22,19:00,11,33,Pescado,37,LH+TZ
2026-07-23,08:00,0,17,Pavo,37,LH+TZ
2026-07-23,09:00,1,35,Jirafa,37,LH+TZ
2026-07-23,10:00,2,31,Lapa,37,LH+TZ
2026-07-23,11:00,3,1,Carnero,37,LH+TZ
2026-07-23,12:00,4,28,Zamuro,37,LH+TZ
2026-07-23,13:00,5,24,Iguana,37,LH+TZ
2026-07-23,14:00,6,15,Zorro,37,LH+TZ
2026-07-23,15:00,7,11,Gato,37,LH+TZ
2026-07-23,16:00,8,25,Gallina,37,LH+TZ
2026-07-23,17:00,9,31,Lapa,37,LH+TZ
2026-07-23,18:00,10,30,Caimán,37,LH+TZ
2026-07-23,19:00,11,7,Perico,37,LH+TZ
2026-07-24,08:00,0,26,Vaca,37,LH+TZ
2026-07-24,09:00,1,13,Mono,37,LH+TZ
2026-07-24,10:00,2,16,Oso,37,LH+TZ
2026-07-24,11:00,3,27,Perro,37,LH+TZ
2026-07-24,12:00,4,5,León,37,LH+TZ
2026-07-24,13:00,5,33,Pescado,37,LH+TZ
2026-07-24,14:00,6,2,Toro,37,LH+TZ
2026-07-24,15:00,7,27,Perro,37,LH+TZ
2026-07-24,16:00,8,18,Burro,37,LH+TZ
2026-07-24,17:00,9,20,Cochino,37,LH+TZ
2026-07-24,18:00,10,20,Cochino,37,LH+TZ
2026-07-24,19:00,11,3,Ciempiés,37,LH+TZ
2026-07-25,08:00,0,11,Gato,37,LH+TZ
2026-07-25,09:00,1,35,Jirafa,37,LH+TZ
2026-07-25,10:00,2,6,Rana,37,LH+TZ
2026-07-25,11:00,3,0,Ballena,37,LH+TZ
2026-07-25,12:00,4,14,Paloma,37,LH+TZ
2026-07-25,13:00,5,30,Caimán,37,LH+TZ
2026-07-25,14:00,6,27,Perro,37,LH+TZ
2026-07-25,15:00,7,13,Mono,37,LH+TZ
2026-07-25,16:00,8,35,Jirafa,37,LH+TZ
2026-07-25,17:00,9,18,Burro,37,LH+TZ
2026-07-25,18:00,10,21,Gallo,37,LH+TZ
2026-07-25,19:00,11,31,Lapa,37,LH+TZ
2026-07-26,08:00,0,34,Venado,37,LH+TZ
2026-07-26,09:00,1,34,Venado,37,LH+TZ
2026-07-26,10:00,2,20,Cochino,37,LH+TZ
2026-07-26,11:00,3,23,Cebra,37,LH+TZ
2026-07-26,12:00,4,8,Ratón,37,LH+TZ
2026-07-26,13:00,5,26,Vaca,37,LH+TZ
2026-07-26,14:00,6,4,Alacrán,37,LH+TZ
2026-07-26,15:00,7,5,León,37,LH+TZ
2026-07-26,16:00,8,22,Camello,37,LH+TZ
2026-07-26,17:00,9,16,Oso,37,LH+TZ
2026-07-26,18:00,10,27,Perro,37,LH+TZ
2026-07-26,19:00,11,14,Paloma,37,LH+TZ
2026-07-27,08:00,0,15,Zorro,37,LH+TZ
2026-07-27,09:00,1,10,Tigre,37,LH+TZ
2026-07-27,10:00,2,9,Águila,37,LH+TZ
2026-07-27,11:00,3,2,Toro,37,LH+TZ
2026-07-27,12:00,4,17,Pavo,37,LH+TZ
2026-07-27,13:00,5,12,Caballo,37,LH+TZ
2026-07-27,14:00,6,26,Vaca,37,LH+TZ
2026-07-27,15:00,7,19,Chivo,37,LH+TZ
2026-07-27,16:00,8,0,Ballena,37,LH+TZ
2026-07-27,17:00,9,27,Perro,37,LH+TZ
2026-07-27,18:00,10,0,Ballena,37,LH+TZ
2026-07-27,19:00,11,15,Zorro,37,LH+TZ
2026-07-28,08:00,0,20,Cochino,37,LH+TZ
2026-07-28,09:00,1,11,Gato,37,LH+TZ
2026-07-28,10:00,2,34,Venado,37,LH+TZ
2026-07-28,11:00,3,32,Ardilla,37,LH+TZ
2026-07-28,12:00,4,5,León,37,LH+TZ
2026-07-28,13:00,5,14,Paloma,37,LH+TZ
2026-07-28,14:00,6,11,Gato,37,LH+TZ
2026-07-28,15:00,7,17,Pavo,37,LH+TZ
2026-07-28,16:00,8,21,Gallo,37,LH+TZ
2026-07-28,17:00,9,0,Ballena,37,LH+TZ
2026-07-28,18:00,10,15,Zorro,37,LH+TZ
2026-07-28,19:00,11,22,Camello,37,LH+TZ
2026-07-29,08:00,0,18,Burro,37,LH+TZ
2026-07-29,09:00,1,30,Caimán,37,LH+TZ
2026-07-29,10:00,2,27,Perro,37,LH+TZ
2026-07-29,11:00,3,11,Gato,37,LH+TZ
2026-07-29,12:00,4,34,Venado,37,LH+TZ
2026-07-29,13:00,5,15,Zorro,37,LH+TZ
2026-07-29,14:00,6,29,Elefante,37,LH+TZ
2026-07-29,15:00,7,19,Chivo,37,LH+TZ
2026-07-29,16:00,8,17,Pavo,37,LH+TZ
2026-07-29,17:00,9,12,Caballo,37,LH+TZ
2026-07-29,18:00,10,29,Elefante,37,LH+TZ
2026-07-29,19:00,11,16,Oso,37,LH+TZ
2026-07-30,08:00,0,23,Cebra,37,LH+TZ
2026-07-30,09:00,1,12,Caballo,37,LH+TZ
2026-07-30,10:00,2,26,Vaca,37,LH+TZ
2026-07-30,11:00,3,3,Ciempiés,37,LH+TZ
2026-07-30,12:00,4,24,Iguana,37,LH+TZ
2026-07-30,13:00,5,17,Pavo,37,LH+TZ
2026-07-30,14:00,6,9,Águila,37,LH+TZ
2026-07-30,15:00,7,5,León,37,LH+TZ
2026-07-30,16:00,8,33,Pescado,37,LH+TZ
2026-07-30,17:00,9,29,Elefante,37,LH+TZ
2026-07-30,18:00,10,21,Gallo,37,LH+TZ
2026-07-30,19:00,11,5,León,37,LH+TZ
2026-07-31,08:00,0,0,Ballena,37,LH+TZ
2026-07-31,09:00,1,17,Pavo,37,LH+TZ
2026-07-31,10:00,2,35,Jirafa,37,LH+TZ
2026-07-31,11:00,3,12,Caballo,37,LH+TZ
2026-07-31,12:00,4,35,Jirafa,37,LH+TZ
2026-07-31,13:00,5,27,Perro,37,LH+TZ
2026-07-31,14:00,6,1,Carnero,37,LH+TZ
2026-07-31,15:00,7,25,Gallina,37,LH+TZ
2026-07-31,16:00,8,8,Ratón,37,LH+TZ
2026-07-31,17:00,9,8,Ratón,37,LH+TZ
2026-07-31,18:00,10,31,Lapa,37,LH+TZ
2026-07-31,19:00,11,28,Zamuro,37,LH+TZ
2026-08-01,08:00,0,4,Alacrán,37,LH+TZ
2026-08-01,09:00,1,0,Ballena,37,LH+TZ
2026-08-01,10:00,2,18,Burro,37,LH+TZ
2026-08-01,11:00,3,12,Caballo,37,LH+TZ
2026-08-01,12:00,4,5,León,37,LH+TZ
2026-08-01,13:00,5,34,Venado,37,LH+TZ
2026-08-01,14:00,6,25,Gallina,37,LH+TZ
2026-08-01,15:00,7,29,Elefante,37,LH+TZ
2026-08-01,16:00,8,6,Rana,37,LH+TZ
2026-08-01,17:00,9,33,Pescado,37,LH+TZ
2026-08-01,18:00,10,31,Lapa,37,LH+TZ
2026-08-01,19:00,11,18,Burro,37,LH+TZ
2026-08-02,08:00,0,27,Perro,37,LH+TZ
2026-08-02,09:00,1,19,Chivo,37,LH+TZ
2026-08-02,10:00,2,9,Águila,37,LH+TZ
2026-08-02,11:00,3,13,Mono,37,LH+TZ
2026-08-02,12:00,4,0,Ballena,37,LH+TZ
2026-08-02,13:00,5,29,Elefante,37,LH+TZ
2026-08-02,14:00,6,22,Camello,37,LH+TZ
2026-08-02,15:00,7,26,Vaca,37,LH+TZ
2026-08-02,16:00,8,14,Paloma,37,LH+TZ
2026-08-02,17:00,9,21,Gallo,37,LH+TZ
2026-08-02,18:00,10,19,Chivo,37,LH+TZ
2026-08-02,19:00,11,5,León,37,LH+TZ
2026-08-03,08:00,0,14,Paloma,37,LH+TZ
2026-08-03,09:00,1,36,Culebra,37,LH+TZ
2026-08-03,10:00,2,10,Tigre,37,LH+TZ
2026-08-03,11:00,3,22,Camello,37,LH+TZ
2026-08-03,12:00,4,27,Perro,37,LH+TZ
2026-08-03,13:00,5,33,Pescado,37,LH+TZ
2026-08-03,14:00,6,30,Caimán,37,LH+TZ
2026-08-03,15:00,7,25,Gallina,37,LH+TZ
2026-08-03,16:00,8,35,Jirafa,37,LH+TZ
2026-08-03,17:00,9,9,Águila,37,LH+TZ
2026-08-03,18:00,10,25,Gallina,37,LH+TZ
2026-08-03,19:00,11,0,Ballena,37,LH+TZ
2026-08-04,08:00,0,8,Ratón,37,LH+TZ
2026-08-04,09:00,1,17,Pavo,37,LH+TZ
2026-08-04,10:00,2,1,Carnero,37,LH+TZ
2026-08-04,11:00,3,10,Tigre,37,LH+TZ
2026-08-04,12:00,4,16,Oso,37,LH+TZ
2026-08-04,13:00,5,35,Jirafa,37,LH+TZ
2026-08-04,14:00,6,24,Iguana,37,LH+TZ
2026-08-04,15:00,7,24,Iguana,37,LH+TZ
2026-08-04,16:00,8,31,Lapa,37,LH+TZ
2026-08-04,17:00,9,12,Caballo,37,LH+TZ
2026-08-04,18:00,10,19,Chivo,37,LH+TZ
2026-08-04,19:00,11,25,Gallina,37,LH+TZ
2026-08-05,08:00,0,34,Venado,37,LH+TZ
2026-08-05,09:00,1,31,Lapa,37,LH+TZ
2026-08-05,10:00,2,20,Cochino,37,LH+TZ
2026-08-05,11:00,3,23,Cebra,37,LH+TZ
2026-08-05,12:00,4,14,Paloma,37,LH+TZ
2026-08-05,13:00,5,12,Caballo,37,LH+TZ
2026-08-05,14:00,6,0,Ballena,37,LH+TZ
2026-08-05,15:00,7,27,Perro,37,LH+TZ
2026-08-05,16:00,8,20,Cochino,37,LH+TZ
2026-08-05,17:00,9,33,Pescado,37,LH+TZ
2026-08-05,18:00,10,1,Carnero,37,LH+TZ
2026-08-05,19:00,11,15,Zorro,37,LH+TZ
2026-08-06,08:00,0,36,Culebra,37,LH+TZ
2026-08-06,09:00,1,3,Ciempiés,37,LH+TZ
2026-08-06,10:00,2,16,Oso,37,LH+TZ
2026-08-06,11:00,3,27,Perro,37,LH+TZ
2026-08-06,12:00,4,25,Gallina,37,LH+TZ
2026-08-06,13:00,5,11,Gato,37,LH+TZ
2026-08-06,14:00,6,32,Ardilla,37,LH+TZ
2026-08-06,15:00,7,12,Caballo,37,LH+TZ
2026-08-06,16:00,8,16,Oso,37,LH+TZ
2026-08-06,17:00,9,31,Lapa,37,LH+TZ
2026-08-06,18:00,10,17,Pavo,37,LH+TZ
2026-08-06,19:00,11,34,Venado,37,LH+TZ
2026-08-07,08:00,0,2,Toro,37,LH+TZ
2026-08-07,09:00,1,19,Chivo,37,LH+TZ
2026-08-07,10:00,2,2,Toro,37,LH+TZ
2026-08-07,11:00,3,5,León,37,LH+TZ
2026-08-07,12:00,4,13,Mono,37,LH+TZ
2026-08-07,13:00,5,33,Pescado,37,LH+TZ
2026-08-07,14:00,6,0,Ballena,37,LH+TZ
2026-08-07,15:00,7,34,Venado,37,LH+TZ
2026-08-07,16:00,8,21,Gallo,37,LH+TZ
2026-08-07,17:00,9,13,Mono,37,LH+TZ
2026-08-07,18:00,10,10,Tigre,37,LH+TZ
2026-08-07,19:00,11,4,Alacrán,37,LH+TZ
2026-08-08,08:00,0,11,Gato,37,LH+TZ
2026-08-08,09:00,1,31,Lapa,37,LH+TZ
2026-08-08,10:00,2,15,Zorro,37,LH+TZ
2026-08-08,11:00,3,17,Pavo,37,LH+TZ
2026-08-08,12:00,4,9,Águila,37,LH+TZ
2026-08-08,13:00,5,30,Caimán,37,LH+TZ
2026-08-08,14:00,6,13,Mono,37,LH+TZ
2026-08-08,15:00,7,12,Caballo,37,LH+TZ
2026-08-08,16:00,8,33,Pescado,37,LH+TZ
2026-08-08,17:00,9,7,Perico,37,LH+TZ
2026-08-08,18:00,10,3,Ciempiés,37,LH+TZ
2026-08-08,19:00,11,34,Venado,37,LH+TZ
2026-08-09,08:00,0,18,Burro,37,LH+TZ
2026-08-09,09:00,1,24,Iguana,37,LH+TZ
2026-08-09,10:00,2,0,Ballena,37,LH+TZ
2026-08-09,11:00,3,2,Toro,37,LH+TZ
2026-08-09,12:00,4,1,Carnero,37,LH+TZ
2026-08-09,13:00,5,29,Elefante,37,LH+TZ
2026-08-09,14:00,6,18,Burro,37,LH+TZ
2026-08-09,15:00,7,13,Mono,37,LH+TZ
2026-08-09,16:00,8,26,Vaca,37,LH+TZ
2026-08-09,17:00,9,15,Zorro,37,LH+TZ
2026-08-09,18:00,10,4,Alacrán,37,LH+TZ
2026-08-09,19:00,11,10,Tigre,37,LH+TZ
2026-08-10,08:00,0,36,Culebra,37,LH+TZ
2026-08-10,09:00,1,17,Pavo,37,LH+TZ
2026-08-10,10:00,2,20,Cochino,37,LH+TZ
2026-08-10,11:00,3,13,Mono,37,LH+TZ
2026-08-10,12:00,4,31,Lapa,37,LH+TZ
2026-08-10,13:00,5,4,Alacrán,37,LH+TZ
2026-08-10,14:00,6,1,Carnero,37,LH+TZ
2026-08-10,15:00,7,35,Jirafa,37,LH+TZ
2026-08-10,16:00,8,9,Águila,37,LH+TZ
2026-08-10,17:00,9,19,Chivo,37,LH+TZ
2026-08-10,18:00,10,0,Ballena,37,LH+TZ
2026-08-10,19:00,11,35,Jirafa,37,LH+TZ
2026-08-11,08:00,0,21,Gallo,37,LH+TZ
2026-08-11,09:00,1,8,Ratón,37,LH+TZ
2026-08-11,10:00,2,20,Cochino,37,LH+TZ
2026-08-11,11:00,3,33,Pescado,37,LH+TZ
2026-08-11,12:00,4,4,Alacrán,37,LH+TZ
2026-08-11,13:00,5,6,Rana,37,LH+TZ
2026-08-11,14:00,6,25,Gallina,37,LH+TZ
2026-08-11,15:00,7,23,Cebra,37,LH+TZ
2026-08-11,16:00,8,9,Águila,37,LH+TZ
2026-08-11,17:00,9,25,Gallina,37,LH+TZ
2026-08-11,18:00,10,10,Tigre,37,LH+TZ
2026-08-11,19:00,11,31,Lapa,37,LH+TZ
2026-08-12,08:00,0,8,Ratón,37,LH+TZ
2026-08-12,09:00,1,30,Caimán,37,LH+TZ
2026-08-12,10:00,2,30,Caimán,37,LH+TZ
2026-08-12,11:00,3,34,Venado,37,LH+TZ
2026-08-12,12:00,4,1,Carnero,37,LH+TZ
2026-08-12,13:00,5,32,Ardilla,37,LH+TZ
2026-08-12,14:00,6,19,Chivo,37,LH+TZ
2026-08-12,15:00,7,5,León,37,LH+TZ
2026-08-12,16:00,8,36,Culebra,37,LH+TZ
2026-08-12,17:00,9,27,Perro,37,LH+TZ
2026-08-12,18:00,10,0,Ballena,37,LH+TZ
2026-08-12,19:00,11,24,Iguana,37,LH+TZ
2026-08-13,08:00,0,22,Camello,37,LH+TZ
2026-08-13,09:00,1,35,Jirafa,37,LH+TZ
2026-08-13,10:00,2,28,Zamuro,37,LH+TZ
2026-08-13,11:00,3,1,Carnero,37,LH+TZ
2026-08-13,12:00,4,26,Vaca,37,LH+TZ
2026-08-13,13:00,5,36,Culebra,37,LH+TZ
2026-08-13,14:00,6,18,Burro,37,LH+TZ
2026-08-13,15:00,7,6,Rana,37,LH+TZ
2026-08-13,16:00,8,20,Cochino,37,LH+TZ
2026-08-13,17:00,9,26,Vaca,37,LH+TZ
2026-08-13,18:00,10,9,Águila,37,LH+TZ
2026-08-13,19:00,11,18,Burro,37,LH+TZ
2026-08-14,08:00,0,15,Zorro,37,LH+TZ
2026-08-14,09:00,1,7,Perico,37,LH+TZ
2026-08-14,10:00,2,33,Pescado,37,LH+TZ
2026-08-14,11:00,3,12,Caballo,37,LH+TZ
2026-08-14,12:00,4,4,Alacrán,37,LH+TZ
2026-08-14,13:00,5,17,Pavo,37,LH+TZ
2026-08-14,14:00,6,20,Cochino,37,LH+TZ
2026-08-14,15:00,7,6,Rana,37,LH+TZ
2026-08-14,16:00,8,32,Ardilla,37,LH+TZ
2026-08-14,17:00,9,11,Gato,37,LH+TZ
2026-08-14,18:00,10,17,Pavo,37,LH+TZ
2026-08-14,19:00,11,35,Jirafa,37,LH+TZ
2026-08-15,08:00,0,31,Lapa,37,LH+TZ
2026-08-15,09:00,1,18,Burro,37,LH+TZ
2026-08-15,10:00,2,0,Ballena,37,LH+TZ
2026-08-15,11:00,3,36,Culebra,37,LH+TZ
2026-08-15,12:00,4,15,Zorro,37,LH+TZ
2026-08-15,13:00,5,2,Toro,37,LH+TZ
2026-08-15,14:00,6,17,Pavo,37,LH+TZ
2026-08-15,15:00,7,23,Cebra,37,LH+TZ
2026-08-15,16:00,8,17,Pavo,37,LH+TZ
2026-08-15,17:00,9,19,Chivo,37,LH+TZ
2026-08-15,18:00,10,0,Ballena,37,LH+TZ
2026-08-15,19:00,11,21,Gallo,37,LH+TZ
2026-08-16,08:00,0,28,Zamuro,37,LH+TZ
2026-08-16,09:00,1,16,Oso,37,LH+TZ
2026-08-16,10:00,2,21,Gallo,37,LH+TZ
2026-08-16,11:00,3,8,Ratón,37,LH+TZ
2026-08-16,12:00,4,6,Rana,37,LH+TZ
2026-08-16,13:00,5,10,Tigre,37,LH+TZ
2026-08-16,14:00,6,26,Vaca,37,LH+TZ
2026-08-16,15:00,7,5,León,37,LH+TZ
2026-08-16,16:00,8,28,Zamuro,37,LH+TZ
2026-08-16,17:00,9,15,Zorro,37,LH+TZ
2026-08-16,18:00,10,23,Cebra,37,LH+TZ
2026-08-16,19:00,11,1,Carnero,37,LH+TZ
2026-08-17,08:00,0,9,Águila,37,LH+TZ
2026-08-17,09:00,1,18,Burro,37,LH+TZ
2026-08-17,10:00,2,23,Cebra,37,LH+TZ
2026-08-17,11:00,3,25,Gallina,37,LH+TZ
2026-08-17,12:00,4,36,Culebra,37,LH+TZ
2026-08-17,13:00,5,19,Chivo,37,LH+TZ
2026-08-17,14:00,6,25,Gallina,37,LH+TZ
2026-08-17,15:00,7,28,Zamuro,37,LH+TZ
2026-08-17,16:00,8,30,Caimán,37,LH+TZ
2026-08-17,17:00,9,11,Gato,37,LH+TZ
2026-08-17,18:00,10,19,Chivo,37,LH+TZ
2026-08-17,19:00,11,2,Toro,37,LH+TZ
2026-08-18,08:00,0,33,Pescado,37,LH+TZ
2026-08-18,09:00,1,1,Carnero,37,LH+TZ
2026-08-18,10:00,2,35,Jirafa,37,LH+TZ
2026-08-18,11:00,3,12,Caballo,37,LH+TZ
2026-08-18,12:00,4,6,Rana,37,LH+TZ
2026-08-18,13:00,5,19,Chivo,37,LH+TZ
2026-08-18,14:00,6,5,León,37,LH+TZ
2026-08-18,15:00,7,29,Elefante,37,LH+TZ
2026-08-18,16:00,8,13,Mono,37,LH+TZ
2026-08-18,17:00,9,25,Gallina,37,LH+TZ
2026-08-18,18:00,10,16,Oso,37,LH+TZ
2026-08-18,19:00,11,20,Cochino,37,LH+TZ
2026-08-19,08:00,0,0,Ballena,37,LH+TZ
2026-08-19,09:00,1,3,Ciempiés,37,LH+TZ
2026-08-19,10:00,2,11,Gato,37,LH+TZ
2026-08-19,11:00,3,26,Vaca,37,LH+TZ
2026-08-19,12:00,4,22,Camello,37,LH+TZ
2026-08-19,13:00,5,6,Rana,37,LH+TZ
2026-08-19,14:00,6,15,Zorro,37,LH+TZ
2026-08-19,15:00,7,16,Oso,37,LH+TZ
2026-08-19,16:00,8,35,Jirafa,37,LH+TZ
2026-08-19,17:00,9,27,Perro,37,LH+TZ
2026-08-19,18:00,10,22,Camello,37,LH+TZ
2026-08-19,19:00,11,5,León,37,LH+TZ
2026-08-20,08:00,0,9,Águila,37,LH+TZ
2026-08-20,09:00,1,1,Carnero,37,LH+TZ
2026-08-20,10:00,2,18,Burro,37,LH+TZ
2026-08-20,11:00,3,17,Pavo,37,LH+TZ
2026-08-20,12:00,4,5,León,37,LH+TZ
2026-08-20,13:00,5,34,Venado,37,LH+TZ
2026-08-20,14:00,6,15,Zorro,37,LH+TZ
2026-08-20,15:00,7,26,Vaca,37,LH+TZ
2026-08-20,16:00,8,7,Perico,37,LH+TZ
2026-08-20,17:00,9,9,Águila,37,LH+TZ
2026-08-20,18:00,10,23,Cebra,37,LH+TZ
2026-08-20,19:00,11,28,Zamuro,37,LH+TZ
2026-08-21,08:00,0,29,Elefante,37,LH+TZ
2026-08-21,09:00,1,17,Pavo,37,LH+TZ
2026-08-21,10:00,2,11,Gato,37,LH+TZ
2026-08-21,11:00,3,14,Paloma,37,LH+TZ
2026-08-21,12:00,4,23,Cebra,37,LH+TZ
2026-08-21,13:00,5,9,Águila,37,LH+TZ
2026-08-21,14:00,6,21,Gallo,37,LH+TZ
2026-08-21,15:00,7,0,Ballena,37,LH+TZ
2026-08-21,16:00,8,16,Oso,37,LH+TZ
2026-08-21,17:00,9,22,Camello,37,LH+TZ
2026-08-21,18:00,10,4,Alacrán,37,LH+TZ
2026-08-21,19:00,11,22,Camello,37,LH+TZ
2026-08-22,08:00,0,0,Ballena,37,LH+TZ
2026-08-22,09:00,1,18,Burro,37,LH+TZ
2026-08-22,10:00,2,34,Venado,37,LH+TZ
2026-08-22,11:00,3,4,Alacrán,37,LH+TZ
2026-08-22,12:00,4,16,Oso,37,LH+TZ
2026-08-22,13:00,5,11,Gato,37,LH+TZ
2026-08-22,14:00,6,14,Paloma,37,LH+TZ
2026-08-22,15:00,7,26,Vaca,37,LH+TZ
2026-08-22,16:00,8,5,León,37,LH+TZ
2026-08-22,17:00,9,17,Pavo,37,LH+TZ
2026-08-22,18:00,10,28,Zamuro,37,LH+TZ
2026-08-22,19:00,11,25,Gallina,37,LH+TZ
2026-08-23,08:00,0,9,Águila,37,LH+TZ
2026-08-23,09:00,1,29,Elefante,37,LH+TZ
2026-08-23,10:00,2,7,Perico,37,LH+TZ
2026-08-23,11:00,3,0,Ballena,37,LH+TZ
2026-08-23,12:00,4,33,Pescado,37,LH+TZ
2026-08-23,13:00,5,20,Cochino,37,LH+TZ
2026-08-23,14:00,6,15,Zorro,37,LH+TZ
2026-08-23,15:00,7,4,Alacrán,37,LH+TZ
2026-08-23,16:00,8,22,Camello,37,LH+TZ
2026-08-23,17:00,9,5,León,37,LH+TZ
2026-08-23,18:00,10,25,Gallina,37,LH+TZ
2026-08-23,19:00,11,23,Cebra,37,LH+TZ
2026-08-24,08:00,0,11,Gato,37,LH+TZ
2026-08-24,09:00,1,0,Ballena,37,LH+TZ
2026-08-24,10:00,2,28,Zamuro,37,LH+TZ
2026-08-24,11:00,3,33,Pescado,37,LH+TZ
2026-08-24,12:00,4,7,Perico,37,LH+TZ
2026-08-24,13:00,5,22,Camello,37,LH+TZ
2026-08-24,14:00,6,17,Pavo,37,LH+TZ
2026-08-24,15:00,7,14,Paloma,37,LH+TZ
2026-08-24,16:00,8,29,Elefante,37,LH+TZ
2026-08-24,17:00,9,35,Jirafa,37,LH+TZ
2026-08-24,18:00,10,15,Zorro,37,LH+TZ
2026-08-24,19:00,11,5,León,37,LH+TZ
2026-08-25,08:00,0,34,Venado,37,LH+TZ
2026-08-25,09:00,1,9,Águila,37,LH+TZ
2026-08-25,10:00,2,14,Paloma,37,LH+TZ
2026-08-25,11:00,3,33,Pescado,37,LH+TZ
2026-08-25,12:00,4,5,León,37,LH+TZ
2026-08-25,13:00,5,12,Caballo,37,LH+TZ
2026-08-25,14:00,6,0,Ballena,37,LH+TZ
2026-08-25,15:00,7,15,Zorro,37,LH+TZ
2026-08-25,16:00,8,28,Zamuro,37,LH+TZ
2026-08-25,17:00,9,7,Perico,37,LH+TZ
2026-08-25,18:00,10,8,Ratón,37,LH+TZ
2026-08-25,19:00,11,23,Cebra,37,LH+TZ
2026-08-26,08:00,0,31,Lapa,37,LH+TZ
2026-08-26,09:00,1,30,Caimán,37,LH+TZ
2026-08-26,10:00,2,22,Camello,37,LH+TZ
2026-08-26,11:00,3,12,Caballo,37,LH+TZ
2026-08-26,12:00,4,36,Culebra,37,LH+TZ
2026-08-26,13:00,5,23,Cebra,37,LH+TZ
2026-08-26,14:00,6,0,Ballena,37,LH+TZ
2026-08-26,15:00,7,21,Gallo,37,LH+TZ
2026-08-26,16:00,8,11,Gato,37,LH+TZ
2026-08-26,17:00,9,30,Caimán,37,LH+TZ
2026-08-26,18:00,10,14,Paloma,37,LH+TZ
2026-08-26,19:00,11,1,Carnero,37,LH+TZ
2026-08-27,08:00,0,26,Vaca,37,LH+TZ
2026-08-27,09:00,1,30,Caimán,37,LH+TZ
2026-08-27,10:00,2,32,Ardilla,37,LH+TZ
2026-08-27,11:00,3,25,Gallina,37,LH+TZ
2026-08-27,12:00,4,0,Ballena,37,LH+TZ
2026-08-27,13:00,5,26,Vaca,37,LH+TZ
2026-08-27,14:00,6,17,Pavo,37,LH+TZ
2026-08-27,15:00,7,6,Rana,37,LH+TZ
2026-08-27,16:00,8,22,Camello,37,LH+TZ
2026-08-27,17:00,9,1,Carnero,37,LH+TZ
2026-08-27,18:00,10,19,Chivo,37,LH+TZ
2026-08-27,19:00,11,19,Chivo,37,LH+TZ
2026-08-28,08:00,0,9,Águila,37,LH+TZ
2026-08-28,09:00,1,13,Mono,37,LH+TZ
2026-08-28,10:00,2,23,Cebra,37,LH+TZ
2026-08-28,11:00,3,7,Perico,37,LH+TZ
2026-08-28,12:00,4,21,Gallo,37,LH+TZ
2026-08-28,13:00,5,4,Alacrán,37,LH+TZ
2026-08-28,14:00,6,29,Elefante,37,LH+TZ
2026-08-28,15:00,7,6,Rana,37,LH+TZ
2026-08-28,16:00,8,27,Perro,37,LH+TZ
2026-08-28,17:00,9,13,Mono,37,LH+TZ
2026-08-28,18:00,10,10,Tigre,37,LH+TZ
2026-08-28,19:00,11,36,Culebra,37,LH+TZ
2026-08-29,08:00,0,14,Paloma,37,LH+TZ
2026-08-29,09:00,1,34,Venado,37,LH+TZ
2026-08-29,10:00,2,25,Gallina,37,LH+TZ
2026-08-29,11:00,3,22,Camello,37,LH+TZ
2026-08-29,12:00,4,3,Ciempiés,37,LH+TZ
2026-08-29,13:00,5,7,Perico,37,LH+TZ
2026-08-29,14:00,6,2,Toro,37,LH+TZ
2026-08-29,15:00,7,35,Jirafa,37,LH+TZ
2026-08-29,16:00,8,34,Venado,37,LH+TZ
2026-08-29,17:00,9,21,Gallo,37,LH+TZ
2026-08-29,18:00,10,27,Perro,37,LH+TZ
2026-08-29,19:00,11,30,Caimán,37,LH+TZ
2026-08-30,08:00,0,29,Elefante,37,LH+TZ
2026-08-30,09:00,1,23,Cebra,37,LH+TZ
2026-08-30,10:00,2,20,Cochino,37,LH+TZ
2026-08-30,11:00,3,4,Alacrán,37,LH+TZ
2026-08-30,12:00,4,8,Ratón,37,LH+TZ
2026-08-30,13:00,5,25,Gallina,37,LH+TZ
2026-08-30,14:00,6,2,Toro,37,LH+TZ
2026-08-30,15:00,7,20,Cochino,37,LH+TZ
2026-08-30,16:00,8,13,Mono,37,LH+TZ
2026-08-30,17:00,9,22,Camello,37,LH+TZ
2026-08-30,18:00,10,15,Zorro,37,LH+TZ
2026-08-30,19:00,11,7,Perico,37,LH+TZ
2026-08-31,08:00,0,0,Ballena,37,LH+TZ
2026-08-31,09:00,1,9,Águila,37,LH+TZ
2026-08-31,10:00,2,26,Vaca,37,LH+TZ
2026-08-31,11:00,3,19,Chivo,37,LH+TZ
2026-08-31,12:00,4,6,Rana,37,LH+TZ
2026-08-31,13:00,5,23,Cebra,37,LH+TZ
2026-08-31,14:00,6,5,León,37,LH+TZ
2026-08-31,15:00,7,16,Oso,37,LH+TZ
2026-08-31,16:00,8,8,Ratón,37,LH+TZ
2026-08-31,17:00,9,18,Burro,37,LH+TZ
2026-08-31,18:00,10,25,Gallina,37,LH+TZ
2026-08-31,19:00,11,11,Gato,37,LH+TZ
2026-09-01,08:00,0,17,Pavo,37,LH+TZ
2026-09-01,09:00,1,13,Mono,37,LH+TZ
2026-09-01,10:00,2,24,Iguana,37,LH+TZ
2026-09-01,11:00,3,7,Perico,37,LH+TZ
2026-09-01,12:00,4,4,Alacrán,37,LH+TZ
2026-09-01,13:00,5,30,Caimán,37,LH+TZ
2026-09-01,14:00,6,21,Gallo,37,LH+TZ
2026-09-01,15:00,7,8,Ratón,37,LH+TZ
2026-09-01,16:00,8,26,Vaca,37,LH+TZ
2026-09-01,17:00,9,25,Gallina,37,LH+TZ
2026-09-01,18:00,10,35,Jirafa,37,LH+TZ
2026-09-01,19:00,11,16,Oso,37,LH+TZ
2026-09-02,08:00,0,28,Zamuro,37,LH+TZ
2026-09-02,09:00,1,19,Chivo,37,LH+TZ
2026-09-02,10:00,2,36,Culebra,37,LH+TZ
2026-09-02,11:00,3,4,Alacrán,37,LH+TZ
2026-09-02,12:00,4,10,Tigre,37,LH+TZ
2026-09-02,13:00,5,7,Perico,37,LH+TZ
2026-09-02,14:00,6,29,Elefante,37,LH+TZ
2026-09-02,15:00,7,12,Caballo,37,LH+TZ
2026-09-02,16:00,8,14,Paloma,37,LH+TZ
2026-09-02,17:00,9,6,Rana,37,LH+TZ
2026-09-02,18:00,10,25,Gallina,37,LH+TZ
2026-09-02,19:00,11,10,Tigre,37,LH+TZ
2026-09-03,08:00,0,35,Jirafa,37,LH+TZ
2026-09-03,09:00,1,27,Perro,37,LH+TZ
2026-09-03,10:00,2,19,Chivo,37,LH+TZ
2026-09-03,11:00,3,0,Ballena,37,LH+TZ
2026-09-03,12:00,4,30,Caimán,37,LH+TZ
2026-09-03,13:00,5,30,Caimán,37,LH+TZ
2026-09-03,14:00,6,2,Toro,37,LH+TZ
2026-09-03,15:00,7,36,Culebra,37,LH+TZ
2026-09-03,16:00,8,22,Camello,37,LH+TZ
2026-09-03,17:00,9,22,Camello,37,LH+TZ
2026-09-03,18:00,10,10,Tigre,37,LH+TZ
2026-09-03,19:00,11,20,Cochino,37,LH+TZ
2026-09-04,08:00,0,29,Elefante,37,LH+TZ
2026-09-04,09:00,1,31,Lapa,37,LH+TZ
2026-09-04,10:00,2,23,Cebra,37,LH+TZ
2026-09-04,11:00,3,2,Toro,37,LH+TZ
2026-09-04,12:00,4,12,Caballo,37,LH+TZ
2026-09-04,13:00,5,11,Gato,37,LH+TZ
2026-09-04,14:00,6,27,Perro,37,LH+TZ
2026-09-04,15:00,7,7,Perico,37,LH+TZ
2026-09-04,16:00,8,1,Carnero,37,LH+TZ
2026-09-04,17:00,9,22,Camello,37,LH+TZ
2026-09-04,18:00,10,11,Gato,37,LH+TZ
2026-09-04,19:00,11,25,Gallina,37,LH+TZ
2026-09-05,08:00,0,9,Águila,37,LH+TZ
2026-09-05,09:00,1,23,Cebra,37,LH+TZ
2026-09-05,10:00,2,2,Toro,37,LH+TZ
2026-09-05,11:00,3,6,Rana,37,LH+TZ
2026-09-05,12:00,4,0,Ballena,37,LH+TZ
2026-09-05,13:00,5,15,Zorro,37,LH+TZ
2026-09-05,14:00,6,19,Chivo,37,LH+TZ
2026-09-05,15:00,7,11,Gato,37,LH+TZ
2026-09-05,16:00,8,0,Ballena,37,LH+TZ
2026-09-05,17:00,9,15,Zorro,37,LH+TZ
2026-09-05,18:00,10,32,Ardilla,37,LH+TZ
2026-09-05,19:00,11,22,Camello,37,LH+TZ
2026-09-06,08:00,0,13,Mono,37,LH+TZ
2026-09-06,09:00,1,16,Oso,37,LH+TZ
2026-09-06,10:00,2,36,Culebra,37,LH+TZ
2026-09-06,11:00,3,2,Toro,37,LH+TZ
2026-09-06,12:00,4,18,Burro,37,LH+TZ
2026-09-06,13:00,5,23,Cebra,37,LH+TZ
2026-09-06,14:00,6,18,Burro,37,LH+TZ
2026-09-06,15:00,7,31,Lapa,37,LH+TZ
2026-09-06,16:00,8,12,Caballo,37,LH+TZ
2026-09-06,17:00,9,27,Perro,37,LH+TZ
2026-09-06,18:00,10,35,Jirafa,37,LH+TZ
2026-09-06,19:00,11,35,Jirafa,37,LH+TZ
2026-09-07,08:00,0,25,Gallina,37,LH+TZ
2026-09-07,09:00,1,22,Camello,37,LH+TZ
2026-09-07,10:00,2,19,Chivo,37,LH+TZ
2026-09-07,11:00,3,6,Rana,37,LH+TZ
2026-09-07,12:00,4,28,Zamuro,37,LH+TZ
2026-09-07,13:00,5,31,Lapa,37,LH+TZ
2026-09-07,14:00,6,16,Oso,37,LH+TZ
2026-09-07,15:00,7,24,Iguana,37,LH+TZ
2026-09-07,16:00,8,16,Oso,37,LH+TZ
2026-09-07,17:00,9,14,Paloma,37,LH+TZ
2026-09-07,18:00,10,9,Águila,37,LH+TZ
2026-09-07,19:00,11,1,Carnero,37,LH+TZ
2026-09-08,08:00,0,4,Alacrán,37,LH+TZ
2026-09-08,09:00,1,7,Perico,37,LH+TZ
2026-09-08,10:00,2,28,Zamuro,37,LH+TZ
2026-09-08,11:00,3,5,León,37,LH+TZ
2026-09-08,12:00,4,24,Iguana,37,LH+TZ
2026-09-08,13:00,5,34,Venado,37,LH+TZ
2026-09-08,14:00,6,2,Toro,37,LH+TZ
2026-09-08,15:00,7,17,Pavo,37,LH+TZ
2026-09-08,16:00,8,32,Ardilla,37,LH+TZ
2026-09-08,17:00,9,17,Pavo,37,LH+TZ
2026-09-08,18:00,10,31,Lapa,37,LH+TZ
2026-09-08,19:00,11,19,Chivo,37,LH+TZ
2026-09-09,08:00,0,30,Caimán,37,LH+TZ
2026-09-09,09:00,1,35,Jirafa,37,LH+TZ
2026-09-09,10:00,2,0,Ballena,37,LH+TZ
2026-09-09,11:00,3,29,Elefante,37,LH+TZ
2026-09-09,12:00,4,3,Ciempiés,37,LH+TZ
2026-09-09,13:00,5,6,Rana,37,LH+TZ
2026-09-09,14:00,6,5,León,37,LH+TZ
2026-09-09,15:00,7,1,Carnero,37,LH+TZ
2026-09-09,16:00,8,24,Iguana,37,LH+TZ
2026-09-09,17:00,9,21,Gallo,37,LH+TZ
2026-09-09,18:00,10,36,Culebra,37,LH+TZ
2026-09-09,19:00,11,30,Caimán,37,LH+TZ
2026-09-10,08:00,0,23,Cebra,37,LH+TZ
2026-09-10,09:00,1,25,Gallina,37,LH+TZ
2026-09-10,10:00,2,30,Caimán,37,LH+TZ
2026-09-10,11:00,3,19,Chivo,37,LH+TZ
2026-09-10,12:00,4,35,Jirafa,37,LH+TZ
2026-09-10,13:00,5,20,Cochino,37,LH+TZ
2026-09-10,14:00,6,27,Perro,37,LH+TZ
2026-09-10,15:00,7,33,Pescado,37,LH+TZ
2026-09-10,16:00,8,28,Zamuro,37,LH+TZ
2026-09-10,17:00,9,0,Ballena,37,LH+TZ
2026-09-10,18:00,10,23,Cebra,37,LH+TZ
2026-09-10,19:00,11,26,Vaca,37,LH+TZ
2026-09-11,08:00,0,12,Caballo,37,LH+TZ
2026-09-11,09:00,1,31,Lapa,37,LH+TZ
2026-09-11,10:00,2,30,Caimán,37,LH+TZ
2026-09-11,11:00,3,29,Elefante,37,LH+TZ
2026-09-11,12:00,4,18,Burro,37,LH+TZ
2026-09-11,13:00,5,24,Iguana,37,LH+TZ
2026-09-11,14:00,6,2,Toro,37,LH+TZ
2026-09-11,15:00,7,28,Zamuro,37,LH+TZ
2026-09-11,16:00,8,9,Águila,37,LH+TZ
2026-09-11,17:00,9,5,León,37,LH+TZ
2026-09-11,18:00,10,20,Cochino,37,LH+TZ
2026-09-11,19:00,11,0,Ballena,37,LH+TZ
2026-09-12,08:00,0,25,Gallina,37,LH+TZ
2026-09-12,09:00,1,8,Ratón,37,LH+TZ
2026-09-12,10:00,2,13,Mono,37,LH+TZ
2026-09-12,11:00,3,31,Lapa,37,LH+TZ
2026-09-12,12:00,4,16,Oso,37,LH+TZ
2026-09-12,13:00,5,2,Toro,37,LH+TZ
2026-09-12,14:00,6,23,Cebra,37,LH+TZ
2026-09-12,15:00,7,13,Mono,37,LH+TZ
2026-09-12,16:00,8,10,Tigre,37,LH+TZ
2026-09-12,17:00,9,33,Pescado,37,LH+TZ
2026-09-12,18:00,10,14,Paloma,37,LH+TZ
2026-09-12,19:00,11,27,Perro,37,LH+TZ
2026-09-13,08:00,0,5,León,37,LH+TZ
2026-09-13,09:00,1,30,Caimán,37,LH+TZ
2026-09-13,10:00,2,6,Rana,37,LH+TZ
2026-09-13,11:00,3,16,Oso,37,LH+TZ
2026-09-13,12:00,4,1,Carnero,37,LH+TZ
2026-09-13,13:00,5,28,Zamuro,37,LH+TZ
2026-09-13,14:00,6,27,Perro,37,LH+TZ
2026-09-13,15:00,7,27,Perro,37,LH+TZ
2026-09-13,16:00,8,23,Cebra,37,LH+TZ
2026-09-13,17:00,9,22,Camello,37,LH+TZ
2026-09-13,18:00,10,7,Perico,37,LH+TZ
2026-09-13,19:00,11,18,Burro,37,LH+TZ
